Date,meta_selic_432,cambio_dolar_1,ipca_mensal_433,saldo_credito_pj_20543,inadimplencia_pj_21086
2018-01-01,7.0,,0.29,712609.0,4.92
2018-01-02,7.0,3.2697,,,
2018-01-03,7.0,3.2535,,,
2018-01-04,7.0,3.2318,,,
2018-01-05,7.0,3.2409,,,
2018-01-06,7.0,,,,
2018-01-07,7.0,,,,
2018-01-08,7.0,3.2357,,,
2018-01-09,7.0,3.2397,,,
2018-01-10,7.0,3.2467,,,
2018-01-11,7.0,3.2301,,,
2018-01-12,7.0,3.2197,,,
2018-01-13,7.0,,,,
2018-01-14,7.0,,,,
2018-01-15,7.0,3.1963,,,
2018-01-16,7.0,3.2219,,,
2018-01-17,7.0,3.2324,,,
2018-01-18,7.0,3.2129,,,
2018-01-19,7.0,3.2087,,,
2018-01-20,7.0,,,,
2018-01-21,7.0,,,,
2018-01-22,7.0,3.1934,,,
2018-01-23,7.0,3.2249,,,
2018-01-24,7.0,3.197,,,
2018-01-25,7.0,3.1391,,,
2018-01-26,7.0,3.145,,,
2018-01-27,7.0,,,,
2018-01-28,7.0,,,,
2018-01-29,7.0,3.1655,,,
2018-01-30,7.0,3.1661,,,
2018-01-31,7.0,3.1624,,,
2018-02-01,7.0,3.173,0.32,713800.0,4.89
2018-02-02,7.0,3.206,,,
2018-02-03,7.0,,,,
2018-02-04,7.0,,,,
2018-02-05,7.0,3.2355,,,
2018-02-06,7.0,3.2613,,,
2018-02-07,7.0,3.2467,,,
2018-02-08,6.75,3.2692,,,
2018-02-09,6.75,3.2821,,,
2018-02-10,6.75,,,,
2018-02-11,6.75,,,,
2018-02-12,6.75,,,,
2018-02-13,6.75,,,,
2018-02-14,6.75,3.2536,,,
2018-02-15,6.75,3.2208,,,
2018-02-16,6.75,3.2381,,,
2018-02-17,6.75,,,,
2018-02-18,6.75,,,,
2018-02-19,6.75,3.2347,,,
2018-02-20,6.75,3.2507,,,
2018-02-21,6.75,3.2555,,,
2018-02-22,6.75,3.2598,,,
2018-02-23,6.75,3.2417,,,
2018-02-24,6.75,,,,
2018-02-25,6.75,,,,
2018-02-26,6.75,3.2351,,,
2018-02-27,6.75,3.2383,,,
2018-02-28,6.75,3.2449,,,
2018-03-01,6.75,3.262,0.09,730184.0,4.54
2018-03-02,6.75,3.2614,,,
2018-03-03,6.75,,,,
2018-03-04,6.75,,,,
2018-03-05,6.75,3.2582,,,
2018-03-06,6.75,3.2246,,,
2018-03-07,6.75,3.2318,,,
2018-03-08,6.75,3.2518,,,
2018-03-09,6.75,3.2496,,,
2018-03-10,6.75,,,,
2018-03-11,6.75,,,,
2018-03-12,6.75,3.2606,,,
2018-03-13,6.75,3.2492,,,
2018-03-14,6.75,3.2584,,,
2018-03-15,6.75,3.2859,,,
2018-03-16,6.75,3.2905,,,
2018-03-17,6.75,,,,
2018-03-18,6.75,,,,
2018-03-19,6.75,3.2911,,,
2018-03-20,6.75,3.2981,,,
2018-03-21,6.75,3.2921,,,
2018-03-22,6.5,3.3033,,,
2018-03-23,6.5,3.3041,,,
2018-03-24,6.5,,,,
2018-03-25,6.5,,,,
2018-03-26,6.5,3.3034,,,
2018-03-27,6.5,3.3256,,,
2018-03-28,6.5,3.338,,,
2018-03-29,6.5,3.3238,,,
2018-03-30,6.5,,,,
2018-03-31,6.5,,,,
2018-04-01,6.5,,0.22,732834.0,4.26
2018-04-02,6.5,3.3104,,,
2018-04-03,6.5,3.3139,,,
2018-04-04,6.5,3.3538,,,
2018-04-05,6.5,3.3196,,,
2018-04-06,6.5,3.3666,,,
2018-04-07,6.5,,,,
2018-04-08,6.5,,,,
2018-04-09,6.5,3.3903,,,
2018-04-10,6.5,3.4195,,,
2018-04-11,6.5,3.4052,,,
2018-04-12,6.5,3.3858,,,
2018-04-13,6.5,3.4105,,,
2018-04-14,6.5,,,,
2018-04-15,6.5,,,,
2018-04-16,6.5,3.4263,,,
2018-04-17,6.5,3.4041,,,
2018-04-18,6.5,3.3844,,,
2018-04-19,6.5,3.3977,,,
2018-04-20,6.5,3.4101,,,
2018-04-21,6.5,,,,
2018-04-22,6.5,,,,
2018-04-23,6.5,3.4421,,,
2018-04-24,6.5,3.4667,,,
2018-04-25,6.5,3.504,,,
2018-04-26,6.5,3.4977,,,
2018-04-27,6.5,3.4676,,,
2018-04-28,6.5,,,,
2018-04-29,6.5,,,,
2018-04-30,6.5,3.4811,,,
2018-05-01,6.5,,0.4,738488.0,4.19
2018-05-02,6.5,3.5424,,,
2018-05-03,6.5,3.5484,,,
2018-05-04,6.5,3.5308,,,
2018-05-05,6.5,,,,
2018-05-06,6.5,,,,
2018-05-07,6.5,3.5458,,,
2018-05-08,6.5,3.5788,,,
2018-05-09,6.5,3.5943,,,
2018-05-10,6.5,3.5566,,,
2018-05-11,6.5,3.5716,,,
2018-05-12,6.5,,,,
2018-05-13,6.5,,,,
2018-05-14,6.5,3.6097,,,
2018-05-15,6.5,3.6753,,,
2018-05-16,6.5,3.6803,,,
2018-05-17,6.5,3.6874,,,
2018-05-18,6.5,3.7503,,,
2018-05-19,6.5,,,,
2018-05-20,6.5,,,,
2018-05-21,6.5,3.7072,,,
2018-05-22,6.5,3.6502,,,
2018-05-23,6.5,3.6507,,,
2018-05-24,6.5,3.6436,,,
2018-05-25,6.5,3.6587,,,
2018-05-26,6.5,,,,
2018-05-27,6.5,,,,
2018-05-28,6.5,3.7092,,,
2018-05-29,6.5,3.7289,,,
2018-05-30,6.5,3.737,,,
2018-05-31,6.5,,,,
2018-06-01,6.5,3.7413,1.26,756164.0,3.88
2018-06-02,6.5,,,,
2018-06-03,6.5,,,,
2018-06-04,6.5,3.7424,,,
2018-06-05,6.5,3.7752,,,
2018-06-06,6.5,3.8193,,,
2018-06-07,6.5,3.9,,,
2018-06-08,6.5,3.7859,,,
2018-06-09,6.5,,,,
2018-06-10,6.5,,,,
2018-06-11,6.5,3.6913,,,
2018-06-12,6.5,3.7044,,,
2018-06-13,6.5,3.7054,,,
2018-06-14,6.5,3.7057,,,
2018-06-15,6.5,3.7738,,,
2018-06-16,6.5,,,,
2018-06-17,6.5,,,,
2018-06-18,6.5,3.7543,,,
2018-06-19,6.5,3.7566,,,
2018-06-20,6.5,3.7335,,,
2018-06-21,6.5,3.7894,,,
2018-06-22,6.5,3.7663,,,
2018-06-23,6.5,,,,
2018-06-24,6.5,,,,
2018-06-25,6.5,3.776,,,
2018-06-26,6.5,3.7721,,,
2018-06-27,6.5,3.8358,,,
2018-06-28,6.5,3.8521,,,
2018-06-29,6.5,3.8558,,,
2018-06-30,6.5,,,,
2018-07-01,6.5,,0.33,745795.0,3.52
2018-07-02,6.5,3.9055,,,
2018-07-03,6.5,3.892,,,
2018-07-04,6.5,3.9058,,,
2018-07-05,6.5,3.9192,,,
2018-07-06,6.5,3.9264,,,
2018-07-07,6.5,,,,
2018-07-08,6.5,,,,
2018-07-09,6.5,3.8692,,,
2018-07-10,6.5,3.8452,,,
2018-07-11,6.5,3.8417,,,
2018-07-12,6.5,3.8564,,,
2018-07-13,6.5,3.8745,,,
2018-07-14,6.5,,,,
2018-07-15,6.5,,,,
2018-07-16,6.5,3.8579,,,
2018-07-17,6.5,3.8671,,,
2018-07-18,6.5,3.8474,,,
2018-07-19,6.5,3.8847,,,
2018-07-20,6.5,3.7793,,,
2018-07-21,6.5,,,,
2018-07-22,6.5,,,,
2018-07-23,6.5,3.7915,,,
2018-07-24,6.5,3.7459,,,
2018-07-25,6.5,3.712,,,
2018-07-26,6.5,3.7243,,,
2018-07-27,6.5,3.7164,,,
2018-07-28,6.5,,,,
2018-07-29,6.5,,,,
2018-07-30,6.5,3.7155,,,
2018-07-31,6.5,3.7549,,,
2018-08-01,6.5,3.7491,-0.09,758886.0,3.43
2018-08-02,6.5,3.7645,,,
2018-08-03,6.5,3.7201,,,
2018-08-04,6.5,,,,
2018-08-05,6.5,,,,
2018-08-06,6.5,3.7214,,,
2018-08-07,6.5,3.7118,,,
2018-08-08,6.5,3.7519,,,
2018-08-09,6.5,3.803,,,
2018-08-10,6.5,3.8472,,,
2018-08-11,6.5,,,,
2018-08-12,6.5,,,,
2018-08-13,6.5,3.8988,,,
2018-08-14,6.5,3.8812,,,
2018-08-15,6.5,3.9134,,,
2018-08-16,6.5,3.881,,,
2018-08-17,6.5,3.9389,,,
2018-08-18,6.5,,,,
2018-08-19,6.5,,,,
2018-08-20,6.5,3.943,,,
2018-08-21,6.5,3.9873,,,
2018-08-22,6.5,4.074,,,
2018-08-23,6.5,4.0727,,,
2018-08-24,6.5,4.0854,,,
2018-08-25,6.5,,,,
2018-08-26,6.5,,,,
2018-08-27,6.5,4.0687,,,
2018-08-28,6.5,4.1192,,,
2018-08-29,6.5,4.1353,,,
2018-08-30,6.5,4.1812,,,
2018-08-31,6.5,4.1353,,,
2018-09-01,6.5,,0.48,773049.0,3.21
2018-09-02,6.5,,,,
2018-09-03,6.5,4.1279,,,
2018-09-04,6.5,4.1652,,,
2018-09-05,6.5,4.1609,,,
2018-09-06,6.5,4.146,,,
2018-09-07,6.5,,,,
2018-09-08,6.5,,,,
2018-09-09,6.5,,,,
2018-09-10,6.5,4.1007,,,
2018-09-11,6.5,4.1641,,,
2018-09-12,6.5,4.1259,,,
2018-09-13,6.5,4.1637,,,
2018-09-14,6.5,4.1879,,,
2018-09-15,6.5,,,,
2018-09-16,6.5,,,,
2018-09-17,6.5,4.1695,,,
2018-09-18,6.5,4.1369,,,
2018-09-19,6.5,4.1351,,,
2018-09-20,6.5,4.0997,,,
2018-09-21,6.5,4.0728,,,
2018-09-22,6.5,,,,
2018-09-23,6.5,,,,
2018-09-24,6.5,4.0594,,,
2018-09-25,6.5,4.1286,,,
2018-09-26,6.5,4.057,,,
2018-09-27,6.5,4.0092,,,
2018-09-28,6.5,4.0039,,,
2018-09-29,6.5,,,,
2018-09-30,6.5,,,,
2018-10-01,6.5,4.0273,0.45,762890.0,3.19
2018-10-02,6.5,3.9505,,,
2018-10-03,6.5,3.8542,,,
2018-10-04,6.5,3.9047,,,
2018-10-05,6.5,3.8699,,,
2018-10-06,6.5,,,,
2018-10-07,6.5,,,,
2018-10-08,6.5,3.7588,,,
2018-10-09,6.5,3.7391,,,
2018-10-10,6.5,3.751,,,
2018-10-11,6.5,3.746,,,
2018-10-12,6.5,,,,
2018-10-13,6.5,,,,
2018-10-14,6.5,,,,
2018-10-15,6.5,3.7332,,,
2018-10-16,6.5,3.7079,,,
2018-10-17,6.5,3.7008,,,
2018-10-18,6.5,3.6963,,,
2018-10-19,6.5,3.7079,,,
2018-10-20,6.5,,,,
2018-10-21,6.5,,,,
2018-10-22,6.5,3.6903,,,
2018-10-23,6.5,3.708,,,
2018-10-24,6.5,3.706,,,
2018-10-25,6.5,3.7014,,,
2018-10-26,6.5,3.6753,,,
2018-10-27,6.5,,,,
2018-10-28,6.5,,,,
2018-10-29,6.5,3.6368,,,
2018-10-30,6.5,3.7019,,,
2018-10-31,6.5,3.7177,,,
2018-11-01,6.5,3.6973,-0.21,775627.0,3.08
2018-11-02,6.5,,,,
2018-11-03,6.5,,,,
2018-11-04,6.5,,,,
2018-11-05,6.5,3.7048,,,
2018-11-06,6.5,3.7492,,,
2018-11-07,6.5,3.7592,,,
2018-11-08,6.5,3.7391,,,
2018-11-09,6.5,3.7506,,,
2018-11-10,6.5,,,,
2018-11-11,6.5,,,,
2018-11-12,6.5,3.7478,,,
2018-11-13,6.5,3.7792,,,
2018-11-14,6.5,3.7924,,,
2018-11-15,6.5,,,,
2018-11-16,6.5,3.7525,,,
2018-11-17,6.5,,,,
2018-11-18,6.5,,,,
2018-11-19,6.5,3.7553,,,
2018-11-20,6.5,3.7591,,,
2018-11-21,6.5,3.7872,,,
2018-11-22,6.5,3.8103,,,
2018-11-23,6.5,3.8081,,,
2018-11-24,6.5,,,,
2018-11-25,6.5,,,,
2018-11-26,6.5,3.8655,,,
2018-11-27,6.5,3.8925,,,
2018-11-28,6.5,3.8631,,,
2018-11-29,6.5,3.8568,,,
2018-11-30,6.5,3.8633,,,
2018-12-01,6.5,,0.15,810228.0,2.83
2018-12-02,6.5,,,,
2018-12-03,6.5,3.8285,,,
2018-12-04,6.5,3.8313,,,
2018-12-05,6.5,3.8561,,,
2018-12-06,6.5,3.9178,,,
2018-12-07,6.5,3.8964,,,
2018-12-08,6.5,,,,
2018-12-09,6.5,,,,
2018-12-10,6.5,3.911,,,
2018-12-11,6.5,3.9013,,,
2018-12-12,6.5,3.8629,,,
2018-12-13,6.5,3.879,,,
2018-12-14,6.5,3.909,,,
2018-12-15,6.5,,,,
2018-12-16,6.5,,,,
2018-12-17,6.5,3.9121,,,
2018-12-18,6.5,3.8997,,,
2018-12-19,6.5,3.8907,,,
2018-12-20,6.5,3.8443,,,
2018-12-21,6.5,3.8671,,,
2018-12-22,6.5,,,,
2018-12-23,6.5,,,,
2018-12-24,6.5,3.8855,,,
2018-12-25,6.5,,,,
2018-12-26,6.5,3.9258,,,
2018-12-27,6.5,3.933,,,
2018-12-28,6.5,3.8748,,,
2018-12-29,6.5,,,,
2018-12-30,6.5,,,,
2018-12-31,6.5,3.8748,,,
2019-01-01,6.5,,0.32,783337.0,3.04
2019-01-02,6.5,3.8595,,,
2019-01-03,6.5,3.7683,,,
2019-01-04,6.5,3.7627,,,
2019-01-05,6.5,,,,
2019-01-06,6.5,,,,
2019-01-07,6.5,3.7062,,,
2019-01-08,6.5,3.7208,,,
2019-01-09,6.5,3.6931,,,
2019-01-10,6.5,3.6869,,,
2019-01-11,6.5,3.7141,,,
2019-01-12,6.5,,,,
2019-01-13,6.5,,,,
2019-01-14,6.5,3.726,,,
2019-01-15,6.5,3.7049,,,
2019-01-16,6.5,3.7197,,,
2019-01-17,6.5,3.7591,,,
2019-01-18,6.5,3.7486,,,
2019-01-19,6.5,,,,
2019-01-20,6.5,,,,
2019-01-21,6.5,3.7705,,,
2019-01-22,6.5,3.7615,,,
2019-01-23,6.5,3.7994,,,
2019-01-24,6.5,3.7815,,,
2019-01-25,6.5,3.7626,,,
2019-01-26,6.5,,,,
2019-01-27,6.5,,,,
2019-01-28,6.5,3.7676,,,
2019-01-29,6.5,3.737,,,
2019-01-30,6.5,3.7151,,,
2019-01-31,6.5,3.6519,,,
2019-02-01,6.5,3.6694,0.43,788129.0,2.95
2019-02-02,6.5,,,,
2019-02-03,6.5,,,,
2019-02-04,6.5,3.6756,,,
2019-02-05,6.5,3.6741,,,
2019-02-06,6.5,3.7019,,,
2019-02-07,6.5,3.7193,,,
2019-02-08,6.5,3.7184,,,
2019-02-09,6.5,,,,
2019-02-10,6.5,,,,
2019-02-11,6.5,3.7391,,,
2019-02-12,6.5,3.7296,,,
2019-02-13,6.5,3.7277,,,
2019-02-14,6.5,3.7756,,,
2019-02-15,6.5,3.7155,,,
2019-02-16,6.5,,,,
2019-02-17,6.5,,,,
2019-02-18,6.5,3.7316,,,
2019-02-19,6.5,3.7206,,,
2019-02-20,6.5,3.71,,,
2019-02-21,6.5,3.7595,,,
2019-02-22,6.5,3.743,,,
2019-02-23,6.5,,,,
2019-02-24,6.5,,,,
2019-02-25,6.5,3.7285,,,
2019-02-26,6.5,3.7595,,,
2019-02-27,6.5,3.7351,,,
2019-02-28,6.5,3.7385,,,
2019-03-01,6.5,3.7832,0.75,804257.0,2.93
2019-03-02,6.5,,,,
2019-03-03,6.5,,,,
2019-03-04,6.5,,,,
2019-03-05,6.5,,,,
2019-03-06,6.5,3.8303,,,
2019-03-07,6.5,3.8487,,,
2019-03-08,6.5,3.8678,,,
2019-03-09,6.5,,,,
2019-03-10,6.5,,,,
2019-03-11,6.5,3.8461,,,
2019-03-12,6.5,3.8129,,,
2019-03-13,6.5,3.8265,,,
2019-03-14,6.5,3.8327,,,
2019-03-15,6.5,3.8344,,,
2019-03-16,6.5,,,,
2019-03-17,6.5,,,,
2019-03-18,6.5,3.8111,,,
2019-03-19,6.5,3.7762,,,
2019-03-20,6.5,3.7897,,,
2019-03-21,6.5,3.7967,,,
2019-03-22,6.5,3.8815,,,
2019-03-23,6.5,,,,
2019-03-24,6.5,,,,
2019-03-25,6.5,3.877,,,
2019-03-26,6.5,3.8646,,,
2019-03-27,6.5,3.9389,,,
2019-03-28,6.5,3.9682,,,
2019-03-29,6.5,3.8967,,,
2019-03-30,6.5,,,,
2019-03-31,6.5,,,,
2019-04-01,6.5,3.8682,0.57,796358.0,2.85
2019-04-02,6.5,3.8661,,,
2019-04-03,6.5,3.8436,,,
2019-04-04,6.5,3.8713,,,
2019-04-05,6.5,3.8622,,,
2019-04-06,6.5,,,,
2019-04-07,6.5,,,,
2019-04-08,6.5,3.8658,,,
2019-04-09,6.5,3.8563,,,
2019-04-10,6.5,3.8345,,,
2019-04-11,6.5,3.8399,,,
2019-04-12,6.5,3.8685,,,
2019-04-13,6.5,,,,
2019-04-14,6.5,,,,
2019-04-15,6.5,3.873,,,
2019-04-16,6.5,3.8913,,,
2019-04-17,6.5,3.9225,,,
2019-04-18,6.5,3.937,,,
2019-04-19,6.5,,,,
2019-04-20,6.5,,,,
2019-04-21,6.5,,,,
2019-04-22,6.5,3.923,,,
2019-04-23,6.5,3.9436,,,
2019-04-24,6.5,3.963,,,
2019-04-25,6.5,3.9725,,,
2019-04-26,6.5,3.9353,,,
2019-04-27,6.5,,,,
2019-04-28,6.5,,,,
2019-04-29,6.5,3.9364,,,
2019-04-30,6.5,3.9453,,,
2019-05-01,6.5,,0.13,806464.0,2.79
2019-05-02,6.5,3.965,,,
2019-05-03,6.5,3.9388,,,
2019-05-04,6.5,,,,
2019-05-05,6.5,,,,
2019-05-06,6.5,3.9624,,,
2019-05-07,6.5,3.988,,,
2019-05-08,6.5,3.9344,,,
2019-05-09,6.5,3.9673,,,
2019-05-10,6.5,3.9578,,,
2019-05-11,6.5,,,,
2019-05-12,6.5,,,,
2019-05-13,6.5,3.989,,,
2019-05-14,6.5,3.9788,,,
2019-05-15,6.5,4.0031,,,
2019-05-16,6.5,4.0138,,,
2019-05-17,6.5,4.0844,,,
2019-05-18,6.5,,,,
2019-05-19,6.5,,,,
2019-05-20,6.5,4.1056,,,
2019-05-21,6.5,4.081,,,
2019-05-22,6.5,4.0228,,,
2019-05-23,6.5,4.0513,,,
2019-05-24,6.5,4.0322,,,
2019-05-25,6.5,,,,
2019-05-26,6.5,,,,
2019-05-27,6.5,4.021,,,
2019-05-28,6.5,4.0275,,,
2019-05-29,6.5,3.9965,,,
2019-05-30,6.5,3.972,,,
2019-05-31,6.5,3.9407,,,
2019-06-01,6.5,,0.01,823325.0,2.76
2019-06-02,6.5,,,,
2019-06-03,6.5,3.9003,,,
2019-06-04,6.5,3.871,,,
2019-06-05,6.5,3.8611,,,
2019-06-06,6.5,3.8726,,,
2019-06-07,6.5,3.8571,,,
2019-06-08,6.5,,,,
2019-06-09,6.5,,,,
2019-06-10,6.5,3.879,,,
2019-06-11,6.5,3.8664,,,
2019-06-12,6.5,3.8437,,,
2019-06-13,6.5,3.8429,,,
2019-06-14,6.5,3.8813,,,
2019-06-15,6.5,,,,
2019-06-16,6.5,,,,
2019-06-17,6.5,3.8895,,,
2019-06-18,6.5,3.8608,,,
2019-06-19,6.5,3.8723,,,
2019-06-20,6.5,,,,
2019-06-21,6.5,3.8255,,,
2019-06-22,6.5,,,,
2019-06-23,6.5,,,,
2019-06-24,6.5,3.8234,,,
2019-06-25,6.5,3.8303,,,
2019-06-26,6.5,3.8441,,,
2019-06-27,6.5,3.8642,,,
2019-06-28,6.5,3.8322,,,
2019-06-29,6.5,,,,
2019-06-30,6.5,,,,
2019-07-01,6.5,3.8193,0.19,809116.0,2.96
2019-07-02,6.5,3.8564,,,
2019-07-03,6.5,3.8475,,,
2019-07-04,6.5,3.794,,,
2019-07-05,6.5,3.8204,,,
2019-07-06,6.5,,,,
2019-07-07,6.5,,,,
2019-07-08,6.5,3.8065,,,
2019-07-09,6.5,3.7858,,,
2019-07-10,6.5,3.7697,,,
2019-07-11,6.5,3.7533,,,
2019-07-12,6.5,3.7452,,,
2019-07-13,6.5,,,,
2019-07-14,6.5,,,,
2019-07-15,6.5,3.7463,,,
2019-07-16,6.5,3.7624,,,
2019-07-17,6.5,3.7618,,,
2019-07-18,6.5,3.7489,,,
2019-07-19,6.5,3.7408,,,
2019-07-20,6.5,,,,
2019-07-21,6.5,,,,
2019-07-22,6.5,3.74,,,
2019-07-23,6.5,3.7621,,,
2019-07-24,6.5,3.7596,,,
2019-07-25,6.5,3.7849,,,
2019-07-26,6.5,3.7741,,,
2019-07-27,6.5,,,,
2019-07-28,6.5,,,,
2019-07-29,6.5,3.7909,,,
2019-07-30,6.5,3.79,,,
2019-07-31,6.5,3.7649,,,
2019-08-01,6.0,3.8296,0.11,822612.0,2.74
2019-08-02,6.0,3.8739,,,
2019-08-03,6.0,,,,
2019-08-04,6.0,,,,
2019-08-05,6.0,3.9404,,,
2019-08-06,6.0,3.9643,,,
2019-08-07,6.0,3.985,,,
2019-08-08,6.0,3.9409,,,
2019-08-09,6.0,3.9362,,,
2019-08-10,6.0,,,,
2019-08-11,6.0,,,,
2019-08-12,6.0,3.9966,,,
2019-08-13,6.0,3.9736,,,
2019-08-14,6.0,4.0074,,,
2019-08-15,6.0,4.0188,,,
2019-08-16,6.0,3.9933,,,
2019-08-17,6.0,,,,
2019-08-18,6.0,,,,
2019-08-19,6.0,4.0274,,,
2019-08-20,6.0,4.0425,,,
2019-08-21,6.0,4.0254,,,
2019-08-22,6.0,4.0444,,,
2019-08-23,6.0,4.0851,,,
2019-08-24,6.0,,,,
2019-08-25,6.0,,,,
2019-08-26,6.0,4.1367,,,
2019-08-27,6.0,4.1557,,,
2019-08-28,6.0,4.1559,,,
2019-08-29,6.0,4.168,,,
2019-08-30,6.0,4.1385,,,
2019-08-31,6.0,,,,
2019-09-01,6.0,,-0.04,844046.0,2.65
2019-09-02,6.0,4.1581,,,
2019-09-03,6.0,4.1657,,,
2019-09-04,6.0,4.1249,,,
2019-09-05,6.0,4.0859,,,
2019-09-06,6.0,4.065,,,
2019-09-07,6.0,,,,
2019-09-08,6.0,,,,
2019-09-09,6.0,4.0766,,,
2019-09-10,6.0,4.1108,,,
2019-09-11,6.0,4.0631,,,
2019-09-12,6.0,4.0494,,,
2019-09-13,6.0,4.0616,,,
2019-09-14,6.0,,,,
2019-09-15,6.0,,,,
2019-09-16,6.0,4.0872,,,
2019-09-17,6.0,4.0998,,,
2019-09-18,6.0,4.0972,,,
2019-09-19,5.5,4.1393,,,
2019-09-20,5.5,4.1687,,,
2019-09-21,5.5,,,,
2019-09-22,5.5,,,,
2019-09-23,5.5,4.1734,,,
2019-09-24,5.5,4.1721,,,
2019-09-25,5.5,4.1827,,,
2019-09-26,5.5,4.1469,,,
2019-09-27,5.5,4.1587,,,
2019-09-28,5.5,,,,
2019-09-29,5.5,,,,
2019-09-30,5.5,4.1644,,,
2019-10-01,5.5,4.174,0.1,838453.0,2.6
2019-10-02,5.5,4.1546,,,
2019-10-03,5.5,4.1012,,,
2019-10-04,5.5,4.061,,,
2019-10-05,5.5,,,,
2019-10-06,5.5,,,,
2019-10-07,5.5,4.0688,,,
2019-10-08,5.5,4.0868,,,
2019-10-09,5.5,4.0954,,,
2019-10-10,5.5,4.1145,,,
2019-10-11,5.5,4.106,,,
2019-10-12,5.5,,,,
2019-10-13,5.5,,,,
2019-10-14,5.5,4.1263,,,
2019-10-15,5.5,4.1488,,,
2019-10-16,5.5,4.1714,,,
2019-10-17,5.5,4.1457,,,
2019-10-18,5.5,4.1376,,,
2019-10-19,5.5,,,,
2019-10-20,5.5,,,,
2019-10-21,5.5,4.1319,,,
2019-10-22,5.5,4.0858,,,
2019-10-23,5.5,4.0721,,,
2019-10-24,5.5,4.0089,,,
2019-10-25,5.5,4.0133,,,
2019-10-26,5.5,,,,
2019-10-27,5.5,,,,
2019-10-28,5.5,3.9793,,,
2019-10-29,5.5,3.9946,,,
2019-10-30,5.5,4.0186,,,
2019-10-31,5.0,4.0041,,,
2019-11-01,5.0,3.9786,0.51,860935.0,2.53
2019-11-02,5.0,,,,
2019-11-03,5.0,,,,
2019-11-04,5.0,3.9922,,,
2019-11-05,5.0,4.0043,,,
2019-11-06,5.0,4.0351,,,
2019-11-07,5.0,4.0927,,,
2019-11-08,5.0,4.1365,,,
2019-11-09,5.0,,,,
2019-11-10,5.0,,,,
2019-11-11,5.0,4.1559,,,
2019-11-12,5.0,4.1756,,,
2019-11-13,5.0,4.1767,,,
2019-11-14,5.0,4.1831,,,
2019-11-15,5.0,,,,
2019-11-16,5.0,,,,
2019-11-17,5.0,,,,
2019-11-18,5.0,4.1827,,,
2019-11-19,5.0,4.2084,,,
2019-11-20,5.0,4.2037,,,
2019-11-21,5.0,4.2012,,,
2019-11-22,5.0,4.1832,,,
2019-11-23,5.0,,,,
2019-11-24,5.0,,,,
2019-11-25,5.0,4.2089,,,
2019-11-26,5.0,4.2559,,,
2019-11-27,5.0,4.2602,,,
2019-11-28,5.0,4.248,,,
2019-11-29,5.0,4.224,,,
2019-11-30,5.0,,,,
2019-12-01,5.0,,1.15,898571.0,2.22
2019-12-02,5.0,4.2261,,,
2019-12-03,5.0,4.2008,,,
2019-12-04,5.0,4.1926,,,
2019-12-05,5.0,4.2136,,,
2019-12-06,5.0,4.1783,,,
2019-12-07,5.0,,,,
2019-12-08,5.0,,,,
2019-12-09,5.0,4.1503,,,
2019-12-10,5.0,4.1427,,,
2019-12-11,5.0,4.1153,,,
2019-12-12,4.5,4.1092,,,
2019-12-13,4.5,4.0949,,,
2019-12-14,4.5,,,,
2019-12-15,4.5,,,,
2019-12-16,4.5,4.0801,,,
2019-12-17,4.5,4.0687,,,
2019-12-18,4.5,4.0548,,,
2019-12-19,4.5,4.0633,,,
2019-12-20,4.5,4.0777,,,
2019-12-21,4.5,,,,
2019-12-22,4.5,,,,
2019-12-23,4.5,4.0757,,,
2019-12-24,4.5,4.0813,,,
2019-12-25,4.5,,,,
2019-12-26,4.5,4.0601,,,
2019-12-27,4.5,4.0545,,,
2019-12-28,4.5,,,,
2019-12-29,4.5,,,,
2019-12-30,4.5,4.0307,,,
2019-12-31,4.5,4.0307,,,
2020-01-01,4.5,,0.21,875277.0,2.41
2020-01-02,4.5,4.0213,,,
2020-01-03,4.5,4.0522,,,
2020-01-04,4.5,,,,
2020-01-05,4.5,,,,
2020-01-06,4.5,4.0554,,,
2020-01-07,4.5,4.0841,,,
2020-01-08,4.5,4.0672,,,
2020-01-09,4.5,4.0744,,,
2020-01-10,4.5,4.0745,,,
2020-01-11,4.5,,,,
2020-01-12,4.5,,,,
2020-01-13,4.5,4.1309,,,
2020-01-14,4.5,4.1443,,,
2020-01-15,4.5,4.1622,,,
2020-01-16,4.5,4.1726,,,
2020-01-17,4.5,4.1837,,,
2020-01-18,4.5,,,,
2020-01-19,4.5,,,,
2020-01-20,4.5,4.1829,,,
2020-01-21,4.5,4.2014,,,
2020-01-22,4.5,4.1889,,,
2020-01-23,4.5,4.1662,,,
2020-01-24,4.5,4.1769,,,
2020-01-25,4.5,,,,
2020-01-26,4.5,,,,
2020-01-27,4.5,4.2196,,,
2020-01-28,4.5,4.2064,,,
2020-01-29,4.5,4.2013,,,
2020-01-30,4.5,4.2523,,,
2020-01-31,4.5,4.2695,,,
2020-02-01,4.5,,0.25,889264.0,2.38
2020-02-02,4.5,,,,
2020-02-03,4.5,4.2475,,,
2020-02-04,4.5,4.2381,,,
2020-02-05,4.5,4.2449,,,
2020-02-06,4.25,4.2477,,,
2020-02-07,4.25,4.3076,,,
2020-02-08,4.25,,,,
2020-02-09,4.25,,,,
2020-02-10,4.25,4.3195,,,
2020-02-11,4.25,4.3148,,,
2020-02-12,4.25,4.3366,,,
2020-02-13,4.25,4.3389,,,
2020-02-14,4.25,4.3163,,,
2020-02-15,4.25,,,,
2020-02-16,4.25,,,,
2020-02-17,4.25,4.3157,,,
2020-02-18,4.25,4.3471,,,
2020-02-19,4.25,4.3728,,,
2020-02-20,4.25,4.3873,,,
2020-02-21,4.25,4.3924,,,
2020-02-22,4.25,,,,
2020-02-23,4.25,,,,
2020-02-24,4.25,,,,
2020-02-25,4.25,,,,
2020-02-26,4.25,4.4359,,,
2020-02-27,4.25,4.4764,,,
2020-02-28,4.25,4.4987,,,
2020-02-29,4.25,,,,
2020-03-01,4.25,,0.07,977105.0,2.44
2020-03-02,4.25,4.4946,,,
2020-03-03,4.25,4.4883,,,
2020-03-04,4.25,4.5258,,,
2020-03-05,4.25,4.6207,,,
2020-03-06,4.25,4.6459,,,
2020-03-07,4.25,,,,
2020-03-08,4.25,,,,
2020-03-09,4.25,4.7379,,,
2020-03-10,4.25,4.6693,,,
2020-03-11,4.25,4.6738,,,
2020-03-12,4.25,4.8833,,,
2020-03-13,4.25,4.7362,,,
2020-03-14,4.25,,,,
2020-03-15,4.25,,,,
2020-03-16,4.25,4.9471,,,
2020-03-17,4.25,5.0496,,,
2020-03-18,4.25,5.1107,,,
2020-03-19,3.75,5.1444,,,
2020-03-20,3.75,5.0248,,,
2020-03-21,3.75,,,,
2020-03-22,3.75,,,,
2020-03-23,3.75,5.0805,,,
2020-03-24,3.75,5.0713,,,
2020-03-25,3.75,5.0706,,,
2020-03-26,3.75,5.001,,,
2020-03-27,3.75,5.1109,,,
2020-03-28,3.75,,,,
2020-03-29,3.75,,,,
2020-03-30,3.75,5.1594,,,
2020-03-31,3.75,5.1987,,,
2020-04-01,3.75,5.2404,-0.31,991644.0,2.48
2020-04-02,3.75,5.2651,,,
2020-04-03,3.75,5.2997,,,
2020-04-04,3.75,,,,
2020-04-05,3.75,,,,
2020-04-06,3.75,5.2471,,,
2020-04-07,3.75,5.2217,,,
2020-04-08,3.75,5.2123,,,
2020-04-09,3.75,5.0779,,,
2020-04-10,3.75,,,,
2020-04-11,3.75,,,,
2020-04-12,3.75,,,,
2020-04-13,3.75,5.1824,,,
2020-04-14,3.75,5.1858,,,
2020-04-15,3.75,5.2579,,,
2020-04-16,3.75,5.2377,,,
2020-04-17,3.75,5.2573,,,
2020-04-18,3.75,,,,
2020-04-19,3.75,,,,
2020-04-20,3.75,5.2837,,,
2020-04-21,3.75,,,,
2020-04-22,3.75,5.3847,,,
2020-04-23,3.75,5.4467,,,
2020-04-24,3.75,5.651,,,
2020-04-25,3.75,,,,
2020-04-26,3.75,,,,
2020-04-27,3.75,5.6358,,,
2020-04-28,3.75,5.5683,,,
2020-04-29,3.75,5.4291,,,
2020-04-30,3.75,5.427,,,
2020-05-01,3.75,,-0.38,1001946.0,2.49
2020-05-02,3.75,,,,
2020-05-03,3.75,,,,
2020-05-04,3.75,5.5816,,,
2020-05-05,3.75,5.5354,,,
2020-05-06,3.75,5.6676,,,
2020-05-07,3.0,5.8365,,,
2020-05-08,3.0,5.7653,,,
2020-05-09,3.0,,,,
2020-05-10,3.0,,,,
2020-05-11,3.0,5.7954,,,
2020-05-12,3.0,5.7723,,,
2020-05-13,3.0,5.9022,,,
2020-05-14,3.0,5.9372,,,
2020-05-15,3.0,5.8229,,,
2020-05-16,3.0,,,,
2020-05-17,3.0,,,,
2020-05-18,3.0,5.7375,,,
2020-05-19,3.0,5.7216,,,
2020-05-20,3.0,5.6968,,,
2020-05-21,3.0,5.6019,,,
2020-05-22,3.0,5.5808,,,
2020-05-23,3.0,,,,
2020-05-24,3.0,,,,
2020-05-25,3.0,5.4772,,,
2020-05-26,3.0,5.3707,,,
2020-05-27,3.0,5.2992,,,
2020-05-28,3.0,5.3405,,,
2020-05-29,3.0,5.4263,,,
2020-05-30,3.0,,,,
2020-05-31,3.0,,,,
2020-06-01,3.0,5.3639,0.26,1008392.0,2.06
2020-06-02,3.0,5.2601,,,
2020-06-03,3.0,5.0516,,,
2020-06-04,3.0,5.1041,,,
2020-06-05,3.0,4.9775,,,
2020-06-06,3.0,,,,
2020-06-07,3.0,,,,
2020-06-08,3.0,4.9331,,,
2020-06-09,3.0,4.9057,,,
2020-06-10,3.0,4.8894,,,
2020-06-11,3.0,,,,
2020-06-12,3.0,5.0373,,,
2020-06-13,3.0,,,,
2020-06-14,3.0,,,,
2020-06-15,3.0,5.1883,,,
2020-06-16,3.0,5.1285,,,
2020-06-17,3.0,5.2499,,,
2020-06-18,2.25,5.3468,,,
2020-06-19,2.25,5.3466,,,
2020-06-20,2.25,,,,
2020-06-21,2.25,,,,
2020-06-22,2.25,5.2226,,,
2020-06-23,2.25,5.1705,,,
2020-06-24,2.25,5.2435,,,
2020-06-25,2.25,5.3287,,,
2020-06-26,2.25,5.4629,,,
2020-06-27,2.25,,,,
2020-06-28,2.25,,,,
2020-06-29,2.25,5.4416,,,
2020-06-30,2.25,5.476,,,
2020-07-01,2.25,5.3651,0.36,1017405.0,1.94
2020-07-02,2.25,5.3028,,,
2020-07-03,2.25,5.3374,,,
2020-07-04,2.25,,,,
2020-07-05,2.25,,,,
2020-07-06,2.25,5.3085,,,
2020-07-07,2.25,5.3318,,,
2020-07-08,2.25,5.3482,,,
2020-07-09,2.25,5.2978,,,
2020-07-10,2.25,5.344,,,
2020-07-11,2.25,,,,
2020-07-12,2.25,,,,
2020-07-13,2.25,5.3486,,,
2020-07-14,2.25,5.4288,,,
2020-07-15,2.25,5.3491,,,
2020-07-16,2.25,5.356,,,
2020-07-17,2.25,5.351,,,
2020-07-18,2.25,,,,
2020-07-19,2.25,,,,
2020-07-20,2.25,5.3635,,,
2020-07-21,2.25,5.2283,,,
2020-07-22,2.25,5.1111,,,
2020-07-23,2.25,5.1647,,,
2020-07-24,2.25,5.2146,,,
2020-07-25,2.25,,,,
2020-07-26,2.25,,,,
2020-07-27,2.25,5.1889,,,
2020-07-28,2.25,5.1777,,,
2020-07-29,2.25,5.1395,,,
2020-07-30,2.25,5.1837,,,
2020-07-31,2.25,5.2033,,,
2020-08-01,2.25,,0.24,1025171.0,1.74
2020-08-02,2.25,,,,
2020-08-03,2.25,5.3075,,,
2020-08-04,2.25,5.3329,,,
2020-08-05,2.25,5.276,,,
2020-08-06,2.0,5.3431,,,
2020-08-07,2.0,5.4227,,,
2020-08-08,2.0,,,,
2020-08-09,2.0,,,,
2020-08-10,2.0,5.3933,,,
2020-08-11,2.0,5.4285,,,
2020-08-12,2.0,5.4551,,,
2020-08-13,2.0,5.3801,,,
2020-08-14,2.0,5.3852,,,
2020-08-15,2.0,,,,
2020-08-16,2.0,,,,
2020-08-17,2.0,5.4497,,,
2020-08-18,2.0,5.4659,,,
2020-08-19,2.0,5.4906,,,
2020-08-20,2.0,5.651,,,
2020-08-21,2.0,5.6064,,,
2020-08-22,2.0,,,,
2020-08-23,2.0,,,,
2020-08-24,2.0,5.5954,,,
2020-08-25,2.0,5.5997,,,
2020-08-26,2.0,5.568,,,
2020-08-27,2.0,5.5956,,,
2020-08-28,2.0,5.4679,,,
2020-08-29,2.0,,,,
2020-08-30,2.0,,,,
2020-08-31,2.0,5.4713,,,
2020-09-01,2.0,5.3732,0.64,1039383.0,1.66
2020-09-02,2.0,5.3741,,,
2020-09-03,2.0,5.3079,,,
2020-09-04,2.0,5.2848,,,
2020-09-05,2.0,,,,
2020-09-06,2.0,,,,
2020-09-07,2.0,,,,
2020-09-08,2.0,5.3698,,,
2020-09-09,2.0,5.3024,,,
2020-09-10,2.0,5.2936,,,
2020-09-11,2.0,5.2854,,,
2020-09-12,2.0,,,,
2020-09-13,2.0,,,,
2020-09-14,2.0,5.2984,,,
2020-09-15,2.0,5.2728,,,
2020-09-16,2.0,5.2532,,,
2020-09-17,2.0,5.2593,,,
2020-09-18,2.0,5.2889,,,
2020-09-19,2.0,,,,
2020-09-20,2.0,,,,
2020-09-21,2.0,5.444,,,
2020-09-22,2.0,5.4329,,,
2020-09-23,2.0,5.5311,,,
2020-09-24,2.0,5.5714,,,
2020-09-25,2.0,5.5667,,,
2020-09-26,2.0,,,,
2020-09-27,2.0,,,,
2020-09-28,2.0,5.5858,,,
2020-09-29,2.0,5.6528,,,
2020-09-30,2.0,5.6407,,,
2020-10-01,2.0,5.6441,0.86,1048995.0,1.59
2020-10-02,2.0,5.6464,,,
2020-10-03,2.0,,,,
2020-10-04,2.0,,,,
2020-10-05,2.0,5.6299,,,
2020-10-06,2.0,5.5205,,,
2020-10-07,2.0,5.6018,,,
2020-10-08,2.0,5.62,,,
2020-10-09,2.0,5.5393,,,
2020-10-10,2.0,,,,
2020-10-11,2.0,,,,
2020-10-12,2.0,,,,
2020-10-13,2.0,5.5859,,,
2020-10-14,2.0,5.5675,,,
2020-10-15,2.0,5.6172,,,
2020-10-16,2.0,5.6226,,,
2020-10-17,2.0,,,,
2020-10-18,2.0,,,,
2020-10-19,2.0,5.6023,,,
2020-10-20,2.0,5.583,,,
2020-10-21,2.0,5.6006,,,
2020-10-22,2.0,5.582,,,
2020-10-23,2.0,5.612,,,
2020-10-24,2.0,,,,
2020-10-25,2.0,,,,
2020-10-26,2.0,5.6328,,,
2020-10-27,2.0,5.6491,,,
2020-10-28,2.0,5.7325,,,
2020-10-29,2.0,5.7803,,,
2020-10-30,2.0,5.7718,,,
2020-10-31,2.0,,,,
2020-11-01,2.0,,0.89,1066478.0,1.6
2020-11-02,2.0,,,,
2020-11-03,2.0,5.6895,,,
2020-11-04,2.0,5.6932,,,
2020-11-05,2.0,5.5624,,,
2020-11-06,2.0,5.5313,,,
2020-11-07,2.0,,,,
2020-11-08,2.0,,,,
2020-11-09,2.0,5.2821,,,
2020-11-10,2.0,5.3696,,,
2020-11-11,2.0,5.402,,,
2020-11-12,2.0,5.4094,,,
2020-11-13,2.0,5.4854,,,
2020-11-14,2.0,,,,
2020-11-15,2.0,,,,
2020-11-16,2.0,5.4198,,,
2020-11-17,2.0,5.3968,,,
2020-11-18,2.0,5.2932,,,
2020-11-19,2.0,5.333,,,
2020-11-20,2.0,5.3505,,,
2020-11-21,2.0,,,,
2020-11-22,2.0,,,,
2020-11-23,2.0,5.3828,,,
2020-11-24,2.0,5.4037,,,
2020-11-25,2.0,5.3508,,,
2020-11-26,2.0,5.3201,,,
2020-11-27,2.0,5.3494,,,
2020-11-28,2.0,,,,
2020-11-29,2.0,,,,
2020-11-30,2.0,5.3317,,,
2020-12-01,2.0,5.2789,1.35,1088621.0,1.52
2020-12-02,2.0,5.2267,,,
2020-12-03,2.0,5.1625,,,
2020-12-04,2.0,5.1706,,,
2020-12-05,2.0,,,,
2020-12-06,2.0,,,,
2020-12-07,2.0,5.1018,,,
2020-12-08,2.0,5.092,,,
2020-12-09,2.0,5.1109,,,
2020-12-10,2.0,5.0852,,,
2020-12-11,2.0,5.0691,,,
2020-12-12,2.0,,,,
2020-12-13,2.0,,,,
2020-12-14,2.0,5.0578,,,
2020-12-15,2.0,5.0968,,,
2020-12-16,2.0,5.1057,,,
2020-12-17,2.0,5.0612,,,
2020-12-18,2.0,5.0986,,,
2020-12-19,2.0,,,,
2020-12-20,2.0,,,,
2020-12-21,2.0,5.1572,,,
2020-12-22,2.0,5.1473,,,
2020-12-23,2.0,5.174,,,
2020-12-24,2.0,5.18,,,
2020-12-25,2.0,,,,
2020-12-26,2.0,,,,
2020-12-27,2.0,,,,
2020-12-28,2.0,5.239,,,
2020-12-29,2.0,5.1942,,,
2020-12-30,2.0,5.1967,,,
2020-12-31,2.0,5.1967,,,
2021-01-01,2.0,,0.25,1076339.0,1.67
2021-01-02,2.0,,,,
2021-01-03,2.0,,,,
2021-01-04,2.0,5.1626,,,
2021-01-05,2.0,5.3269,,,
2021-01-06,2.0,5.3182,,,
2021-01-07,2.0,5.3433,,,
2021-01-08,2.0,5.3683,,,
2021-01-09,2.0,,,,
2021-01-10,2.0,,,,
2021-01-11,2.0,5.4966,,,
2021-01-12,2.0,5.4637,,,
2021-01-13,2.0,5.307,,,
2021-01-14,2.0,5.2617,,,
2021-01-15,2.0,5.2714,,,
2021-01-16,2.0,,,,
2021-01-17,2.0,,,,
2021-01-18,2.0,5.2788,,,
2021-01-19,2.0,5.2945,,,
2021-01-20,2.0,5.3033,,,
2021-01-21,2.0,5.3166,,,
2021-01-22,2.0,5.4301,,,
2021-01-23,2.0,,,,
2021-01-24,2.0,,,,
2021-01-25,2.0,5.5089,,,
2021-01-26,2.0,5.3865,,,
2021-01-27,2.0,5.3824,,,
2021-01-28,2.0,5.4282,,,
2021-01-29,2.0,5.4759,,,
2021-01-30,2.0,,,,
2021-01-31,2.0,,,,
2021-02-01,2.0,5.4608,0.86,1088672.0,1.65
2021-02-02,2.0,5.3875,,,
2021-02-03,2.0,5.3423,,,
2021-02-04,2.0,5.391,,,
2021-02-05,2.0,5.3884,,,
2021-02-06,2.0,,,,
2021-02-07,2.0,,,,
2021-02-08,2.0,5.367,,,
2021-02-09,2.0,5.4216,,,
2021-02-10,2.0,5.4024,,,
2021-02-11,2.0,5.3626,,,
2021-02-12,2.0,5.3815,,,
2021-02-13,2.0,,,,
2021-02-14,2.0,,,,
2021-02-15,2.0,,,,
2021-02-16,2.0,,,,
2021-02-17,2.0,5.4138,,,
2021-02-18,2.0,5.4238,,,
2021-02-19,2.0,5.3924,,,
2021-02-20,2.0,,,,
2021-02-21,2.0,,,,
2021-02-22,2.0,5.5044,,,
2021-02-23,2.0,5.449,,,
2021-02-24,2.0,5.4182,,,
2021-02-25,2.0,5.46,,,
2021-02-26,2.0,5.5302,,,
2021-02-27,2.0,,,,
2021-02-28,2.0,,,,
2021-03-01,2.0,5.5832,0.93,1121759.0,1.72
2021-03-02,2.0,5.6844,,,
2021-03-03,2.0,5.7342,,,
2021-03-04,2.0,5.6008,,,
2021-03-05,2.0,5.687,,,
2021-03-06,2.0,,,,
2021-03-07,2.0,,,,
2021-03-08,2.0,5.7343,,,
2021-03-09,2.0,5.8397,,,
2021-03-10,2.0,5.7449,,,
2021-03-11,2.0,5.589,,,
2021-03-12,2.0,5.564,,,
2021-03-13,2.0,,,,
2021-03-14,2.0,,,,
2021-03-15,2.0,5.6296,,,
2021-03-16,2.0,5.5851,,,
2021-03-17,2.0,5.6579,,,
2021-03-18,2.75,5.5474,,,
2021-03-19,2.75,5.5082,,,
2021-03-20,2.75,,,,
2021-03-21,2.75,,,,
2021-03-22,2.75,5.5269,,,
2021-03-23,2.75,5.4951,,,
2021-03-24,2.75,5.533,,,
2021-03-25,2.75,5.6585,,,
2021-03-26,2.75,5.7042,,,
2021-03-27,2.75,,,,
2021-03-28,2.75,,,,
2021-03-29,2.75,5.7925,,,
2021-03-30,2.75,5.7642,,,
2021-03-31,2.75,5.6973,,,
2021-04-01,2.75,5.6849,0.31,1122451.0,1.78
2021-04-02,2.75,,,,
2021-04-03,2.75,,,,
2021-04-04,2.75,,,,
2021-04-05,2.75,5.6579,,,
2021-04-06,2.75,5.6263,,,
2021-04-07,2.75,5.5864,,,
2021-04-08,2.75,5.5817,,,
2021-04-09,2.75,5.6445,,,
2021-04-10,2.75,,,,
2021-04-11,2.75,,,,
2021-04-12,2.75,5.6582,,,
2021-04-13,2.75,5.7064,,,
2021-04-14,2.75,5.6936,,,
2021-04-15,2.75,5.6234,,,
2021-04-16,2.75,5.6328,,,
2021-04-17,2.75,,,,
2021-04-18,2.75,,,,
2021-04-19,2.75,5.575,,,
2021-04-20,2.75,5.5266,,,
2021-04-21,2.75,,,,
2021-04-22,2.75,5.497,,,
2021-04-23,2.75,5.4787,,,
2021-04-24,2.75,,,,
2021-04-25,2.75,,,,
2021-04-26,2.75,5.4566,,,
2021-04-27,2.75,5.4424,,,
2021-04-28,2.75,5.4005,,,
2021-04-29,2.75,5.3662,,,
2021-04-30,2.75,5.4036,,,
2021-05-01,2.75,,0.83,1137096.0,1.81
2021-05-02,2.75,,,,
2021-05-03,2.75,5.4087,,,
2021-05-04,2.75,5.4505,,,
2021-05-05,2.75,5.3872,,,
2021-05-06,3.5,5.2897,,,
2021-05-07,3.5,5.2217,,,
2021-05-08,3.5,,,,
2021-05-09,3.5,,,,
2021-05-10,3.5,5.2227,,,
2021-05-11,3.5,5.2403,,,
2021-05-12,3.5,5.2353,,,
2021-05-13,3.5,5.2815,,,
2021-05-14,3.5,5.2701,,,
2021-05-15,3.5,,,,
2021-05-16,3.5,,,,
2021-05-17,3.5,5.2755,,,
2021-05-18,3.5,5.2588,,,
2021-05-19,3.5,5.2822,,,
2021-05-20,3.5,5.2905,,,
2021-05-21,3.5,5.3027,,,
2021-05-22,3.5,,,,
2021-05-23,3.5,,,,
2021-05-24,3.5,5.3198,,,
2021-05-25,3.5,5.3143,,,
2021-05-26,3.5,5.3164,,,
2021-05-27,3.5,5.284,,,
2021-05-28,3.5,5.2281,,,
2021-05-29,3.5,,,,
2021-05-30,3.5,,,,
2021-05-31,3.5,5.2322,,,
2021-06-01,3.5,5.1636,0.53,1146902.0,1.71
2021-06-02,3.5,5.1147,,,
2021-06-03,3.5,,,,
2021-06-04,3.5,5.0666,,,
2021-06-05,3.5,,,,
2021-06-06,3.5,,,,
2021-06-07,3.5,5.0498,,,
2021-06-08,3.5,5.0489,,,
2021-06-09,3.5,5.0533,,,
2021-06-10,3.5,5.0635,,,
2021-06-11,3.5,5.119,,,
2021-06-12,3.5,,,,
2021-06-13,3.5,,,,
2021-06-14,3.5,5.0707,,,
2021-06-15,3.5,5.0874,,,
2021-06-16,3.5,5.0207,,,
2021-06-17,4.25,5.0359,,,
2021-06-18,4.25,5.0314,,,
2021-06-19,4.25,,,,
2021-06-20,4.25,,,,
2021-06-21,4.25,5.0373,,,
2021-06-22,4.25,5.0178,,,
2021-06-23,4.25,4.9519,,,
2021-06-24,4.25,4.9277,,,
2021-06-25,4.25,4.9206,,,
2021-06-26,4.25,,,,
2021-06-27,4.25,,,,
2021-06-28,4.25,4.942,,,
2021-06-29,4.25,4.945,,,
2021-06-30,4.25,5.0022,,,
2021-07-01,4.25,5.0055,0.96,1146678.0,1.74
2021-07-02,4.25,5.0293,,,
2021-07-03,4.25,,,,
2021-07-04,4.25,,,,
2021-07-05,4.25,5.0749,,,
2021-07-06,4.25,5.1645,,,
2021-07-07,4.25,5.2328,,,
2021-07-08,4.25,5.2587,,,
2021-07-09,4.25,5.2393,,,
2021-07-10,4.25,,,,
2021-07-11,4.25,,,,
2021-07-12,4.25,5.2239,,,
2021-07-13,4.25,5.177,,,
2021-07-14,4.25,5.088,,,
2021-07-15,4.25,5.1,,,
2021-07-16,4.25,5.0941,,,
2021-07-17,4.25,,,,
2021-07-18,4.25,,,,
2021-07-19,4.25,5.1978,,,
2021-07-20,4.25,5.2465,,,
2021-07-21,4.25,5.2516,,,
2021-07-22,4.25,5.1978,,,
2021-07-23,4.25,5.1701,,,
2021-07-24,4.25,,,,
2021-07-25,4.25,,,,
2021-07-26,4.25,5.1863,,,
2021-07-27,4.25,5.1669,,,
2021-07-28,4.25,5.1527,,,
2021-07-29,4.25,5.0682,,,
2021-07-30,4.25,5.1216,,,
2021-07-31,4.25,,,,
2021-08-01,4.25,,0.87,1162028.0,1.72
2021-08-02,4.25,5.1379,,,
2021-08-03,4.25,5.2464,,,
2021-08-04,4.25,5.2091,,,
2021-08-05,5.25,5.1464,,,
2021-08-06,5.25,5.241,,,
2021-08-07,5.25,,,,
2021-08-08,5.25,,,,
2021-08-09,5.25,5.2774,,,
2021-08-10,5.25,5.2217,,,
2021-08-11,5.25,5.2013,,,
2021-08-12,5.25,5.2351,,,
2021-08-13,5.25,5.2474,,,
2021-08-14,5.25,,,,
2021-08-15,5.25,,,,
2021-08-16,5.25,5.2495,,,
2021-08-17,5.25,5.2585,,,
2021-08-18,5.25,5.3025,,,
2021-08-19,5.25,5.418,,,
2021-08-20,5.25,5.4274,,,
2021-08-21,5.25,,,,
2021-08-22,5.25,,,,
2021-08-23,5.25,5.3686,,,
2021-08-24,5.25,5.3017,,,
2021-08-25,5.25,5.2465,,,
2021-08-26,5.25,5.2429,,,
2021-08-27,5.25,5.22,,,
2021-08-28,5.25,,,,
2021-08-29,5.25,,,,
2021-08-30,5.25,5.1952,,,
2021-08-31,5.25,5.1433,,,
2021-09-01,5.25,5.1576,1.16,1196618.0,1.68
2021-09-02,5.25,5.1735,,,
2021-09-03,5.25,5.1685,,,
2021-09-04,5.25,,,,
2021-09-05,5.25,,,,
2021-09-06,5.25,5.1773,,,
2021-09-07,5.25,,,,
2021-09-08,5.25,5.2524,,,
2021-09-09,5.25,5.2825,,,
2021-09-10,5.25,5.2158,,,
2021-09-11,5.25,,,,
2021-09-12,5.25,,,,
2021-09-13,5.25,5.219,,,
2021-09-14,5.25,5.226,,,
2021-09-15,5.25,5.2576,,,
2021-09-16,5.25,5.2594,,,
2021-09-17,5.25,5.3103,,,
2021-09-18,5.25,,,,
2021-09-19,5.25,,,,
2021-09-20,5.25,5.3332,,,
2021-09-21,5.25,5.3044,,,
2021-09-22,5.25,5.2783,,,
2021-09-23,6.25,5.2891,,,
2021-09-24,6.25,5.3435,,,
2021-09-25,6.25,,,,
2021-09-26,6.25,,,,
2021-09-27,6.25,5.3478,,,
2021-09-28,6.25,5.4206,,,
2021-09-29,6.25,5.4173,,,
2021-09-30,6.25,5.4394,,,
2021-10-01,6.25,5.3911,1.25,1214104.0,1.68
2021-10-02,6.25,,,,
2021-10-03,6.25,,,,
2021-10-04,6.25,5.4204,,,
2021-10-05,6.25,5.4611,,,
2021-10-06,6.25,5.5097,,,
2021-10-07,6.25,5.514,,,
2021-10-08,6.25,5.5084,,,
2021-10-09,6.25,,,,
2021-10-10,6.25,,,,
2021-10-11,6.25,5.5161,,,
2021-10-12,6.25,,,,
2021-10-13,6.25,5.5471,,,
2021-10-14,6.25,5.4988,,,
2021-10-15,6.25,5.451,,,
2021-10-16,6.25,,,,
2021-10-17,6.25,,,,
2021-10-18,6.25,5.5193,,,
2021-10-19,6.25,5.5521,,,
2021-10-20,6.25,5.5571,,,
2021-10-21,6.25,5.6423,,,
2021-10-22,6.25,5.7117,,,
2021-10-23,6.25,,,,
2021-10-24,6.25,,,,
2021-10-25,6.25,5.5973,,,
2021-10-26,6.25,5.58,,,
2021-10-27,6.25,5.5667,,,
2021-10-28,7.75,5.6124,,,
2021-10-29,7.75,5.643,,,
2021-10-30,7.75,,,,
2021-10-31,7.75,,,,
2021-11-01,7.75,5.6694,0.95,1241158.0,1.73
2021-11-02,7.75,,,,
2021-11-03,7.75,5.6672,,,
2021-11-04,7.75,5.5942,,,
2021-11-05,7.75,5.5455,,,
2021-11-06,7.75,,,,
2021-11-07,7.75,,,,
2021-11-08,7.75,5.5627,,,
2021-11-09,7.75,5.4957,,,
2021-11-10,7.75,5.459,,,
2021-11-11,7.75,5.4171,,,
2021-11-12,7.75,5.4199,,,
2021-11-13,7.75,,,,
2021-11-14,7.75,,,,
2021-11-15,7.75,,,,
2021-11-16,7.75,5.4772,,,
2021-11-17,7.75,5.4993,,,
2021-11-18,7.75,5.547,,,
2021-11-19,7.75,5.5584,,,
2021-11-20,7.75,,,,
2021-11-21,7.75,,,,
2021-11-22,7.75,5.5841,,,
2021-11-23,7.75,5.6456,,,
2021-11-24,7.75,5.6027,,,
2021-11-25,7.75,5.574,,,
2021-11-26,7.75,5.5865,,,
2021-11-27,7.75,,,,
2021-11-28,7.75,,,,
2021-11-29,7.75,5.6118,,,
2021-11-30,7.75,5.6199,,,
2021-12-01,7.75,5.6168,0.73,1282479.0,1.63
2021-12-02,7.75,5.6345,,,
2021-12-03,7.75,5.6432,,,
2021-12-04,7.75,,,,
2021-12-05,7.75,,,,
2021-12-06,7.75,5.6877,,,
2021-12-07,7.75,5.6411,,,
2021-12-08,7.75,5.5779,,,
2021-12-09,9.25,5.5564,,,
2021-12-10,9.25,5.5931,,,
2021-12-11,9.25,,,,
2021-12-12,9.25,,,,
2021-12-13,9.25,5.6357,,,
2021-12-14,9.25,5.6461,,,
2021-12-15,9.25,5.7127,,,
2021-12-16,9.25,5.6963,,,
2021-12-17,9.25,5.6959,,,
2021-12-18,9.25,,,,
2021-12-19,9.25,,,,
2021-12-20,9.25,5.7055,,,
2021-12-21,9.25,5.7372,,,
2021-12-22,9.25,5.7201,,,
2021-12-23,9.25,5.691,,,
2021-12-24,9.25,5.6591,,,
2021-12-25,9.25,,,,
2021-12-26,9.25,,,,
2021-12-27,9.25,5.665,,,
2021-12-28,9.25,5.6438,,,
2021-12-29,9.25,5.6619,,,
2021-12-30,9.25,5.5805,,,
2021-12-31,9.25,5.5805,,,
2022-01-01,9.25,,0.54,1261118.0,1.69
2022-01-02,9.25,,,,
2022-01-03,9.25,5.6309,,,
2022-01-04,9.25,5.6776,,,
2022-01-05,9.25,5.6628,,,
2022-01-06,9.25,5.7042,,,
2022-01-07,9.25,5.6753,,,
2022-01-08,9.25,,,,
2022-01-09,9.25,,,,
2022-01-10,9.25,5.6736,,,
2022-01-11,9.25,5.6351,,,
2022-01-12,9.25,5.5611,,,
2022-01-13,9.25,5.5246,,,
2022-01-14,9.25,5.5349,,,
2022-01-15,9.25,,,,
2022-01-16,9.25,,,,
2022-01-17,9.25,5.5058,,,
2022-01-18,9.25,5.5213,,,
2022-01-19,9.25,5.4978,,,
2022-01-20,9.25,5.4166,,,
2022-01-21,9.25,5.4401,,,
2022-01-22,9.25,,,,
2022-01-23,9.25,,,,
2022-01-24,9.25,5.491,,,
2022-01-25,9.25,5.4971,,,
2022-01-26,9.25,5.4324,,,
2022-01-27,9.25,5.3812,,,
2022-01-28,9.25,5.3954,,,
2022-01-29,9.25,,,,
2022-01-30,9.25,,,,
2022-01-31,9.25,5.3574,,,
2022-02-01,9.25,5.281,1.01,1286593.0,1.61
2022-02-02,9.25,5.2956,,,
2022-02-03,10.75,5.3025,,,
2022-02-04,10.75,5.3284,,,
2022-02-05,10.75,,,,
2022-02-06,10.75,,,,
2022-02-07,10.75,5.2913,,,
2022-02-08,10.75,5.2699,,,
2022-02-09,10.75,5.2735,,,
2022-02-10,10.75,5.2101,,,
2022-02-11,10.75,5.1987,,,
2022-02-12,10.75,,,,
2022-02-13,10.75,,,,
2022-02-14,10.75,5.2106,,,
2022-02-15,10.75,5.1881,,,
2022-02-16,10.75,5.163,,,
2022-02-17,10.75,5.1565,,,
2022-02-18,10.75,5.1339,,,
2022-02-19,10.75,,,,
2022-02-20,10.75,,,,
2022-02-21,10.75,5.0997,,,
2022-02-22,10.75,5.0611,,,
2022-02-23,10.75,5.0143,,,
2022-02-24,10.75,5.1174,,,
2022-02-25,10.75,5.1394,,,
2022-02-26,10.75,,,,
2022-02-27,10.75,,,,
2022-02-28,10.75,,,,
2022-03-01,10.75,,1.62,1307771.0,1.77
2022-03-02,10.75,5.1347,,,
2022-03-03,10.75,5.0479,,,
2022-03-04,10.75,5.0758,,,
2022-03-05,10.75,,,,
2022-03-06,10.75,,,,
2022-03-07,10.75,5.0579,,,
2022-03-08,10.75,5.0903,,,
2022-03-09,10.75,5.0094,,,
2022-03-10,10.75,5.0513,,,
2022-03-11,10.75,5.0255,,,
2022-03-12,10.75,,,,
2022-03-13,10.75,,,,
2022-03-14,10.75,5.0647,,,
2022-03-15,10.75,5.1314,,,
2022-03-16,10.75,5.1287,,,
2022-03-17,11.75,5.0764,,,
2022-03-18,11.75,5.0411,,,
2022-03-19,11.75,,,,
2022-03-20,11.75,,,,
2022-03-21,11.75,4.9666,,,
2022-03-22,11.75,4.9208,,,
2022-03-23,11.75,4.8704,,,
2022-03-24,11.75,4.8067,,,
2022-03-25,11.75,4.7782,,,
2022-03-26,11.75,,,,
2022-03-27,11.75,,,,
2022-03-28,11.75,4.7905,,,
2022-03-29,11.75,4.7486,,,
2022-03-30,11.75,4.7497,,,
2022-03-31,11.75,4.7378,,,
2022-04-01,11.75,4.6984,1.06,1322256.0,1.78
2022-04-02,11.75,,,,
2022-04-03,11.75,,,,
2022-04-04,11.75,4.6175,,,
2022-04-05,11.75,4.64,,,
2022-04-06,11.75,4.6967,,,
2022-04-07,11.75,4.7422,,,
2022-04-08,11.75,4.7513,,,
2022-04-09,11.75,,,,
2022-04-10,11.75,,,,
2022-04-11,11.75,4.7025,,,
2022-04-12,11.75,4.6483,,,
2022-04-13,11.75,4.6811,,,
2022-04-14,11.75,4.7158,,,
2022-04-15,11.75,,,,
2022-04-16,11.75,,,,
2022-04-17,11.75,,,,
2022-04-18,11.75,4.6746,,,
2022-04-19,11.75,4.6664,,,
2022-04-20,11.75,4.6397,,,
2022-04-21,11.75,,,,
2022-04-22,11.75,4.7326,,,
2022-04-23,11.75,,,,
2022-04-24,11.75,,,,
2022-04-25,11.75,4.8818,,,
2022-04-26,11.75,4.9666,,,
2022-04-27,11.75,5.0167,,,
2022-04-28,11.75,5.011,,,
2022-04-29,11.75,4.9191,,,
2022-04-30,11.75,,,,
2022-05-01,11.75,,0.47,1332065.0,1.79
2022-05-02,11.75,5.0266,,,
2022-05-03,11.75,5.0167,,,
2022-05-04,11.75,5.0093,,,
2022-05-05,12.75,5.0051,,,
2022-05-06,12.75,5.075,,,
2022-05-07,12.75,,,,
2022-05-08,12.75,,,,
2022-05-09,12.75,5.134,,,
2022-05-10,12.75,5.139,,,
2022-05-11,12.75,5.1244,,,
2022-05-12,12.75,5.1482,,,
2022-05-13,12.75,5.1075,,,
2022-05-14,12.75,,,,
2022-05-15,12.75,,,,
2022-05-16,12.75,5.0666,,,
2022-05-17,12.75,4.9676,,,
2022-05-18,12.75,4.9592,,,
2022-05-19,12.75,4.9198,,,
2022-05-20,12.75,4.8777,,,
2022-05-21,12.75,,,,
2022-05-22,12.75,,,,
2022-05-23,12.75,4.7973,,,
2022-05-24,12.75,4.8106,,,
2022-05-25,12.75,4.8359,,,
2022-05-26,12.75,4.7967,,,
2022-05-27,12.75,4.7434,,,
2022-05-28,12.75,,,,
2022-05-29,12.75,,,,
2022-05-30,12.75,4.7216,,,
2022-05-31,12.75,4.7289,,,
2022-06-01,12.75,4.7765,0.67,1361681.0,1.76
2022-06-02,12.75,4.7879,,,
2022-06-03,12.75,4.7956,,,
2022-06-04,12.75,,,,
2022-06-05,12.75,,,,
2022-06-06,12.75,4.7839,,,
2022-06-07,12.75,4.8909,,,
2022-06-08,12.75,4.8711,,,
2022-06-09,12.75,4.8951,,,
2022-06-10,12.75,4.9836,,,
2022-06-11,12.75,,,,
2022-06-12,12.75,,,,
2022-06-13,12.75,5.1033,,,
2022-06-14,12.75,5.1203,,,
2022-06-15,12.75,5.1119,,,
2022-06-16,13.25,,,,
2022-06-17,13.25,5.1313,,,
2022-06-18,13.25,,,,
2022-06-19,13.25,,,,
2022-06-20,13.25,5.1641,,,
2022-06-21,13.25,5.1462,,,
2022-06-22,13.25,5.1509,,,
2022-06-23,13.25,5.1833,,,
2022-06-24,13.25,5.2334,,,
2022-06-25,13.25,,,,
2022-06-26,13.25,,,,
2022-06-27,13.25,5.2214,,,
2022-06-28,13.25,5.2179,,,
2022-06-29,13.25,5.2268,,,
2022-06-30,13.25,5.238,,,
2022-07-01,13.25,5.3142,-0.68,1354969.0,1.86
2022-07-02,13.25,,,,
2022-07-03,13.25,,,,
2022-07-04,13.25,5.3038,,,
2022-07-05,13.25,5.3899,,,
2022-07-06,13.25,5.4321,,,
2022-07-07,13.25,5.364,,,
2022-07-08,13.25,5.3086,,,
2022-07-09,13.25,,,,
2022-07-10,13.25,,,,
2022-07-11,13.25,5.3477,,,
2022-07-12,13.25,5.412,,,
2022-07-13,13.25,5.3992,,,
2022-07-14,13.25,5.4568,,,
2022-07-15,13.25,5.4014,,,
2022-07-16,13.25,,,,
2022-07-17,13.25,,,,
2022-07-18,13.25,5.3675,,,
2022-07-19,13.25,5.3904,,,
2022-07-20,13.25,5.4288,,,
2022-07-21,13.25,5.475,,,
2022-07-22,13.25,5.4522,,,
2022-07-23,13.25,,,,
2022-07-24,13.25,,,,
2022-07-25,13.25,5.4144,,,
2022-07-26,13.25,5.3608,,,
2022-07-27,13.25,5.3074,,,
2022-07-28,13.25,5.2149,,,
2022-07-29,13.25,5.1884,,,
2022-07-30,13.25,,,,
2022-07-31,13.25,,,,
2022-08-01,13.25,5.1606,-0.36,1361653.0,1.94
2022-08-02,13.25,5.2329,,,
2022-08-03,13.25,5.2846,,,
2022-08-04,13.75,5.2409,,,
2022-08-05,13.75,5.2165,,,
2022-08-06,13.75,,,,
2022-08-07,13.75,,,,
2022-08-08,13.75,5.1247,,,
2022-08-09,13.75,5.1224,,,
2022-08-10,13.75,5.0497,,,
2022-08-11,13.75,5.1127,,,
2022-08-12,13.75,5.1023,,,
2022-08-13,13.75,,,,
2022-08-14,13.75,,,,
2022-08-15,13.75,5.0925,,,
2022-08-16,13.75,5.134,,,
2022-08-17,13.75,5.1784,,,
2022-08-18,13.75,5.1773,,,
2022-08-19,13.75,5.1961,,,
2022-08-20,13.75,,,,
2022-08-21,13.75,,,,
2022-08-22,13.75,5.1709,,,
2022-08-23,13.75,5.103,,,
2022-08-24,13.75,5.105,,,
2022-08-25,13.75,5.1173,,,
2022-08-26,13.75,5.0903,,,
2022-08-27,13.75,,,,
2022-08-28,13.75,,,,
2022-08-29,13.75,5.0428,,,
2022-08-30,13.75,5.0617,,,
2022-08-31,13.75,5.179,,,
2022-09-01,13.75,5.2007,-0.29,1390238.0,2.0
2022-09-02,13.75,5.1878,,,
2022-09-03,13.75,,,,
2022-09-04,13.75,,,,
2022-09-05,13.75,5.1686,,,
2022-09-06,13.75,5.2228,,,
2022-09-07,13.75,,,,
2022-09-08,13.75,5.2155,,,
2022-09-09,13.75,5.1633,,,
2022-09-10,13.75,,,,
2022-09-11,13.75,,,,
2022-09-12,13.75,5.1183,,,
2022-09-13,13.75,5.1794,,,
2022-09-14,13.75,5.1774,,,
2022-09-15,13.75,5.2211,,,
2022-09-16,13.75,5.2882,,,
2022-09-17,13.75,,,,
2022-09-18,13.75,,,,
2022-09-19,13.75,5.2367,,,
2022-09-20,13.75,5.1705,,,
2022-09-21,13.75,5.1692,,,
2022-09-22,13.75,5.1677,,,
2022-09-23,13.75,5.2257,,,
2022-09-24,13.75,,,,
2022-09-25,13.75,,,,
2022-09-26,13.75,5.3548,,,
2022-09-27,13.75,5.3508,,,
2022-09-28,13.75,5.3594,,,
2022-09-29,13.75,5.3916,,,
2022-09-30,13.75,5.4066,,,
2022-10-01,13.75,,0.59,1382077.0,2.17
2022-10-02,13.75,,,,
2022-10-03,13.75,5.2002,,,
2022-10-04,13.75,5.1411,,,
2022-10-05,13.75,5.2144,,,
2022-10-06,13.75,5.2009,,,
2022-10-07,13.75,5.2221,,,
2022-10-08,13.75,,,,
2022-10-09,13.75,,,,
2022-10-10,13.75,5.1941,,,
2022-10-11,13.75,5.2068,,,
2022-10-12,13.75,,,,
2022-10-13,13.75,5.3017,,,
2022-10-14,13.75,5.2824,,,
2022-10-15,13.75,,,,
2022-10-16,13.75,,,,
2022-10-17,13.75,5.2713,,,
2022-10-18,13.75,5.2697,,,
2022-10-19,13.75,5.2808,,,
2022-10-20,13.75,5.2176,,,
2022-10-21,13.75,5.1919,,,
2022-10-22,13.75,,,,
2022-10-23,13.75,,,,
2022-10-24,13.75,5.2744,,,
2022-10-25,13.75,5.3091,,,
2022-10-26,13.75,5.3248,,,
2022-10-27,13.75,5.3003,,,
2022-10-28,13.75,5.3454,,,
2022-10-29,13.75,,,,
2022-10-30,13.75,,,,
2022-10-31,13.75,5.257,,,
2022-11-01,13.75,5.15,0.41,1397538.0,2.21
2022-11-02,13.75,,,,
2022-11-03,13.75,5.1349,,,
2022-11-04,13.75,5.036,,,
2022-11-05,13.75,,,,
2022-11-06,13.75,,,,
2022-11-07,13.75,5.0886,,,
2022-11-08,13.75,5.1744,,,
2022-11-09,13.75,5.1629,,,
2022-11-10,13.75,5.3064,,,
2022-11-11,13.75,5.3051,,,
2022-11-12,13.75,,,,
2022-11-13,13.75,,,,
2022-11-14,13.75,5.3013,,,
2022-11-15,13.75,,,,
2022-11-16,13.75,5.3204,,,
2022-11-17,13.75,5.4655,,,
2022-11-18,13.75,5.3477,,,
2022-11-19,13.75,,,,
2022-11-20,13.75,,,,
2022-11-21,13.75,5.3259,,,
2022-11-22,13.75,5.3339,,,
2022-11-23,13.75,5.393,,,
2022-11-24,13.75,5.3149,,,
2022-11-25,13.75,5.3508,,,
2022-11-26,13.75,,,,
2022-11-27,13.75,,,,
2022-11-28,13.75,5.3796,,,
2022-11-29,13.75,5.3076,,,
2022-11-30,13.75,5.2941,,,
2022-12-01,13.75,5.1948,0.62,1438713.0,2.18
2022-12-02,13.75,5.1974,,,
2022-12-03,13.75,,,,
2022-12-04,13.75,,,,
2022-12-05,13.75,5.2464,,,
2022-12-06,13.75,5.2396,,,
2022-12-07,13.75,5.2208,,,
2022-12-08,13.75,5.2091,,,
2022-12-09,13.75,5.2396,,,
2022-12-10,13.75,,,,
2022-12-11,13.75,,,,
2022-12-12,13.75,5.3066,,,
2022-12-13,13.75,5.2669,,,
2022-12-14,13.75,5.3406,,,
2022-12-15,13.75,5.3183,,,
2022-12-16,13.75,5.2806,,,
2022-12-17,13.75,,,,
2022-12-18,13.75,,,,
2022-12-19,13.75,5.316,,,
2022-12-20,13.75,5.2427,,,
2022-12-21,13.75,5.2031,,,
2022-12-22,13.75,5.1871,,,
2022-12-23,13.75,5.1445,,,
2022-12-24,13.75,,,,
2022-12-25,13.75,,,,
2022-12-26,13.75,5.1872,,,
2022-12-27,13.75,5.2832,,,
2022-12-28,13.75,5.2736,,,
2022-12-29,13.75,5.2177,,,
2022-12-30,13.75,5.2177,,,
2022-12-31,13.75,,,,
2023-01-01,13.75,,0.53,1414187.0,2.38
2023-01-02,13.75,5.3436,,,
2023-01-03,13.75,5.3759,,,
2023-01-04,13.75,5.4459,,,
2023-01-05,13.75,5.4026,,,
2023-01-06,13.75,5.2855,,,
2023-01-07,13.75,,,,
2023-01-08,13.75,,,,
2023-01-09,13.75,5.2967,,,
2023-01-10,13.75,5.2395,,,
2023-01-11,13.75,5.202,,,
2023-01-12,13.75,5.14,,,
2023-01-13,13.75,5.1146,,,
2023-01-14,13.75,,,,
2023-01-15,13.75,,,,
2023-01-16,13.75,5.1115,,,
2023-01-17,13.75,5.1203,,,
2023-01-18,13.75,5.0909,,,
2023-01-19,13.75,5.2144,,,
2023-01-20,13.75,5.1986,,,
2023-01-21,13.75,,,,
2023-01-22,13.75,,,,
2023-01-23,13.75,5.1922,,,
2023-01-24,13.75,5.1696,,,
2023-01-25,13.75,5.1042,,,
2023-01-26,13.75,5.0951,,,
2023-01-27,13.75,5.0767,,,
2023-01-28,13.75,,,,
2023-01-29,13.75,,,,
2023-01-30,13.75,5.0959,,,
2023-01-31,13.75,5.0993,,,
2023-02-01,13.75,5.0721,0.84,1397920.0,2.46
2023-02-02,13.75,4.9901,,,
2023-02-03,13.75,5.103,,,
2023-02-04,13.75,,,,
2023-02-05,13.75,,,,
2023-02-06,13.75,5.1763,,,
2023-02-07,13.75,5.1695,,,
2023-02-08,13.75,5.2036,,,
2023-02-09,13.75,5.2315,,,
2023-02-10,13.75,5.2526,,,
2023-02-11,13.75,,,,
2023-02-12,13.75,,,,
2023-02-13,13.75,5.1834,,,
2023-02-14,13.75,5.1507,,,
2023-02-15,13.75,5.2243,,,
2023-02-16,13.75,5.2432,,,
2023-02-17,13.75,5.2012,,,
2023-02-18,13.75,,,,
2023-02-19,13.75,,,,
2023-02-20,13.75,,,,
2023-02-21,13.75,,,,
2023-02-22,13.75,5.173,,,
2023-02-23,13.75,5.133,,,
2023-02-24,13.75,5.1791,,,
2023-02-25,13.75,,,,
2023-02-26,13.75,,,,
2023-02-27,13.75,5.196,,,
2023-02-28,13.75,5.2078,,,
2023-03-01,13.75,5.207,0.71,1417228.0,2.54
2023-03-02,13.75,5.208,,,
2023-03-03,13.75,5.2037,,,
2023-03-04,13.75,,,,
2023-03-05,13.75,,,,
2023-03-06,13.75,5.197,,,
2023-03-07,13.75,5.1901,,,
2023-03-08,13.75,5.1387,,,
2023-03-09,13.75,5.1353,,,
2023-03-10,13.75,5.1822,,,
2023-03-11,13.75,,,,
2023-03-12,13.75,,,,
2023-03-13,13.75,5.24,,,
2023-03-14,13.75,5.2362,,,
2023-03-15,13.75,5.2981,,,
2023-03-16,13.75,5.2892,,,
2023-03-17,13.75,5.2679,,,
2023-03-18,13.75,,,,
2023-03-19,13.75,,,,
2023-03-20,13.75,5.2467,,,
2023-03-21,13.75,5.2444,,,
2023-03-22,13.75,5.2648,,,
2023-03-23,13.75,5.2632,,,
2023-03-24,13.75,5.2921,,,
2023-03-25,13.75,,,,
2023-03-26,13.75,,,,
2023-03-27,13.75,5.2306,,,
2023-03-28,13.75,5.1733,,,
2023-03-29,13.75,5.1493,,,
2023-03-30,13.75,5.1254,,,
2023-03-31,13.75,5.0804,,,
2023-04-01,13.75,,0.61,1405395.0,2.9
2023-04-02,13.75,,,,
2023-04-03,13.75,5.0637,,,
2023-04-04,13.75,5.0762,,,
2023-04-05,13.75,5.0447,,,
2023-04-06,13.75,5.0683,,,
2023-04-07,13.75,,,,
2023-04-08,13.75,,,,
2023-04-09,13.75,,,,
2023-04-10,13.75,5.0834,,,
2023-04-11,13.75,5.0128,,,
2023-04-12,13.75,4.9496,,,
2023-04-13,13.75,4.9097,,,
2023-04-14,13.75,4.9455,,,
2023-04-15,13.75,,,,
2023-04-16,13.75,,,,
2023-04-17,13.75,4.9421,,,
2023-04-18,13.75,4.9678,,,
2023-04-19,13.75,5.0467,,,
2023-04-20,13.75,5.0497,,,
2023-04-21,13.75,,,,
2023-04-22,13.75,,,,
2023-04-23,13.75,,,,
2023-04-24,13.75,5.0595,,,
2023-04-25,13.75,5.0613,,,
2023-04-26,13.75,5.0585,,,
2023-04-27,13.75,5.015,,,
2023-04-28,13.75,5.0007,,,
2023-04-29,13.75,,,,
2023-04-30,13.75,,,,
2023-05-01,13.75,,0.23,1399452.0,3.1
2023-05-02,13.75,5.0334,,,
2023-05-03,13.75,5.0227,,,
2023-05-04,13.75,5.0106,,,
2023-05-05,13.75,4.9696,,,
2023-05-06,13.75,,,,
2023-05-07,13.75,,,,
2023-05-08,13.75,4.9696,,,
2023-05-09,13.75,5.0007,,,
2023-05-10,13.75,4.9547,,,
2023-05-11,13.75,4.9696,,,
2023-05-12,13.75,4.9234,,,
2023-05-13,13.75,,,,
2023-05-14,13.75,,,,
2023-05-15,13.75,4.9103,,,
2023-05-16,13.75,4.9122,,,
2023-05-17,13.75,4.9513,,,
2023-05-18,13.75,4.9647,,,
2023-05-19,13.75,4.9858,,,
2023-05-20,13.75,,,,
2023-05-21,13.75,,,,
2023-05-22,13.75,4.968,,,
2023-05-23,13.75,4.9674,,,
2023-05-24,13.75,4.9474,,,
2023-05-25,13.75,4.999,,,
2023-05-26,13.75,5.0114,,,
2023-05-27,13.75,,,,
2023-05-28,13.75,,,,
2023-05-29,13.75,4.9954,,,
2023-05-30,13.75,5.0593,,,
2023-05-31,13.75,5.0959,,,
2023-06-01,13.75,5.035,-0.08,1422529.0,3.15
2023-06-02,13.75,4.9558,,,
2023-06-03,13.75,,,,
2023-06-04,13.75,,,,
2023-06-05,13.75,4.9236,,,
2023-06-06,13.75,4.9292,,,
2023-06-07,13.75,4.9119,,,
2023-06-08,13.75,,,,
2023-06-09,13.75,4.8922,,,
2023-06-10,13.75,,,,
2023-06-11,13.75,,,,
2023-06-12,13.75,4.8832,,,
2023-06-13,13.75,4.8533,,,
2023-06-14,13.75,4.8462,,,
2023-06-15,13.75,4.8222,,,
2023-06-16,13.75,4.8286,,,
2023-06-17,13.75,,,,
2023-06-18,13.75,,,,
2023-06-19,13.75,4.7803,,,
2023-06-20,13.75,4.793,,,
2023-06-21,13.75,4.7795,,,
2023-06-22,13.75,4.775,,,
2023-06-23,13.75,4.7799,,,
2023-06-24,13.75,,,,
2023-06-25,13.75,,,,
2023-06-26,13.75,4.7698,,,
2023-06-27,13.75,4.7903,,,
2023-06-28,13.75,4.8563,,,
2023-06-29,13.75,4.8584,,,
2023-06-30,13.75,4.8192,,,
2023-07-01,13.75,,0.12,1397908.0,3.34
2023-07-02,13.75,,,,
2023-07-03,13.75,4.7876,,,
2023-07-04,13.75,4.8056,,,
2023-07-05,13.75,4.8577,,,
2023-07-06,13.75,4.8977,,,
2023-07-07,13.75,4.8799,,,
2023-07-08,13.75,,,,
2023-07-09,13.75,,,,
2023-07-10,13.75,4.8735,,,
2023-07-11,13.75,4.8949,,,
2023-07-12,13.75,4.8058,,,
2023-07-13,13.75,4.8038,,,
2023-07-14,13.75,4.7957,,,
2023-07-15,13.75,,,,
2023-07-16,13.75,,,,
2023-07-17,13.75,4.8302,,,
2023-07-18,13.75,4.804,,,
2023-07-19,13.75,4.8,,,
2023-07-20,13.75,4.7888,,,
2023-07-21,13.75,4.7732,,,
2023-07-22,13.75,,,,
2023-07-23,13.75,,,,
2023-07-24,13.75,4.7457,,,
2023-07-25,13.75,4.7496,,,
2023-07-26,13.75,4.7368,,,
2023-07-27,13.75,4.7202,,,
2023-07-28,13.75,4.7253,,,
2023-07-29,13.75,,,,
2023-07-30,13.75,,,,
2023-07-31,13.75,4.7415,,,
2023-08-01,13.75,4.7752,0.23,1398358.0,3.5
2023-08-02,13.75,4.8083,,,
2023-08-03,13.25,4.8797,,,
2023-08-04,13.25,4.8609,,,
2023-08-05,13.25,,,,
2023-08-06,13.25,,,,
2023-08-07,13.25,4.901,,,
2023-08-08,13.25,4.9217,,,
2023-08-09,13.25,4.9015,,,
2023-08-10,13.25,4.8518,,,
2023-08-11,13.25,4.8918,,,
2023-08-12,13.25,,,,
2023-08-13,13.25,,,,
2023-08-14,13.25,4.9481,,,
2023-08-15,13.25,4.9812,,,
2023-08-16,13.25,4.9772,,,
2023-08-17,13.25,4.9816,,,
2023-08-18,13.25,4.9724,,,
2023-08-19,13.25,,,,
2023-08-20,13.25,,,,
2023-08-21,13.25,4.9847,,,
2023-08-22,13.25,4.9431,,,
2023-08-23,13.25,4.8977,,,
2023-08-24,13.25,4.8748,,,
2023-08-25,13.25,4.8772,,,
2023-08-26,13.25,,,,
2023-08-27,13.25,,,,
2023-08-28,13.25,4.8938,,,
2023-08-29,13.25,4.8706,,,
2023-08-30,13.25,4.8653,,,
2023-08-31,13.25,4.9219,,,
2023-09-01,13.25,4.9318,0.26,1433015.0,3.52
2023-09-02,13.25,,,,
2023-09-03,13.25,,,,
2023-09-04,13.25,4.9176,,,
2023-09-05,13.25,4.9705,,,
2023-09-06,13.25,4.9762,,,
2023-09-07,13.25,,,,
2023-09-08,13.25,4.9835,,,
2023-09-09,13.25,,,,
2023-09-10,13.25,,,,
2023-09-11,13.25,4.9366,,,
2023-09-12,13.25,4.9505,,,
2023-09-13,13.25,4.9171,,,
2023-09-14,13.25,4.8751,,,
2023-09-15,13.25,4.8689,,,
2023-09-16,13.25,,,,
2023-09-17,13.25,,,,
2023-09-18,13.25,4.8535,,,
2023-09-19,13.25,4.8575,,,
2023-09-20,13.25,4.8487,,,
2023-09-21,12.75,4.9229,,,
2023-09-22,12.75,4.9131,,,
2023-09-23,12.75,,,,
2023-09-24,12.75,,,,
2023-09-25,12.75,4.9606,,,
2023-09-26,12.75,4.9717,,,
2023-09-27,12.75,5.0289,,,
2023-09-28,12.75,5.0475,,,
2023-09-29,12.75,5.0076,,,
2023-09-30,12.75,,,,
2023-10-01,12.75,,0.24,1410714.0,3.67
2023-10-02,12.75,5.0679,,,
2023-10-03,12.75,5.11,,,
2023-10-04,12.75,5.1526,,,
2023-10-05,12.75,5.1713,,,
2023-10-06,12.75,5.1918,,,
2023-10-07,12.75,,,,
2023-10-08,12.75,,,,
2023-10-09,12.75,5.1666,,,
2023-10-10,12.75,5.0862,,,
2023-10-11,12.75,5.0496,,,
2023-10-12,12.75,,,,
2023-10-13,12.75,5.0625,,,
2023-10-14,12.75,,,,
2023-10-15,12.75,,,,
2023-10-16,12.75,5.0618,,,
2023-10-17,12.75,5.0384,,,
2023-10-18,12.75,5.0568,,,
2023-10-19,12.75,5.054,,,
2023-10-20,12.75,5.0528,,,
2023-10-21,12.75,,,,
2023-10-22,12.75,,,,
2023-10-23,12.75,5.0164,,,
2023-10-24,12.75,5.0065,,,
2023-10-25,12.75,4.9981,,,
2023-10-26,12.75,5.0055,,,
2023-10-27,12.75,4.948,,,
2023-10-28,12.75,,,,
2023-10-29,12.75,,,,
2023-10-30,12.75,5.0074,,,
2023-10-31,12.75,5.0575,,,
2023-11-01,12.75,5.0194,0.28,1414347.0,3.75
2023-11-02,12.25,,,,
2023-11-03,12.25,4.891,,,
2023-11-04,12.25,,,,
2023-11-05,12.25,,,,
2023-11-06,12.25,4.8999,,,
2023-11-07,12.25,4.867,,,
2023-11-08,12.25,4.8855,,,
2023-11-09,12.25,4.9007,,,
2023-11-10,12.25,4.9219,,,
2023-11-11,12.25,,,,
2023-11-12,12.25,,,,
2023-11-13,12.25,4.9247,,,
2023-11-14,12.25,4.8682,,,
2023-11-15,12.25,,,,
2023-11-16,12.25,4.8575,,,
2023-11-17,12.25,4.8849,,,
2023-11-18,12.25,,,,
2023-11-19,12.25,,,,
2023-11-20,12.25,4.8723,,,
2023-11-21,12.25,4.8806,,,
2023-11-22,12.25,4.8968,,,
2023-11-23,12.25,4.8931,,,
2023-11-24,12.25,4.8927,,,
2023-11-25,12.25,,,,
2023-11-26,12.25,,,,
2023-11-27,12.25,4.8951,,,
2023-11-28,12.25,4.8867,,,
2023-11-29,12.25,4.8933,,,
2023-11-30,12.25,4.9355,,,
2023-12-01,12.25,4.9191,0.56,1472416.0,3.31
2023-12-02,12.25,,,,
2023-12-03,12.25,,,,
2023-12-04,12.25,4.9091,,,
2023-12-05,12.25,4.9522,,,
2023-12-06,12.25,4.9031,,,
2023-12-07,12.25,4.8949,,,
2023-12-08,12.25,4.9158,,,
2023-12-09,12.25,,,,
2023-12-10,12.25,,,,
2023-12-11,12.25,4.944,,,
2023-12-12,12.25,4.9476,,,
2023-12-13,12.25,4.958,,,
2023-12-14,11.75,4.8912,,,
2023-12-15,11.75,4.9397,,,
2023-12-16,11.75,,,,
2023-12-17,11.75,,,,
2023-12-18,11.75,4.9399,,,
2023-12-19,11.75,4.8663,,,
2023-12-20,11.75,4.8766,,,
2023-12-21,11.75,4.8755,,,
2023-12-22,11.75,4.8619,,,
2023-12-23,11.75,,,,
2023-12-24,11.75,,,,
2023-12-25,11.75,,,,
2023-12-26,11.75,4.8368,,,
2023-12-27,11.75,4.8306,,,
2023-12-28,11.75,4.8413,,,
2023-12-29,11.75,4.8413,,,
2023-12-30,11.75,,,,
2023-12-31,11.75,,,,
2024-01-01,11.75,,0.42,1421476.0,3.57
2024-01-02,11.75,4.8916,,,
2024-01-03,11.75,4.9212,,,
2024-01-04,11.75,4.9188,,,
2024-01-05,11.75,4.8899,,,
2024-01-06,11.75,,,,
2024-01-07,11.75,,,,
2024-01-08,11.75,4.885,,,
2024-01-09,11.75,4.8937,,,
2024-01-10,11.75,4.8901,,,
2024-01-11,11.75,4.8794,,,
2024-01-12,11.75,4.8543,,,
2024-01-13,11.75,,,,
2024-01-14,11.75,,,,
2024-01-15,11.75,4.8765,,,
2024-01-16,11.75,4.9038,,,
2024-01-17,11.75,4.9346,,,
2024-01-18,11.75,4.9403,,,
2024-01-19,11.75,4.9223,,,
2024-01-20,11.75,,,,
2024-01-21,11.75,,,,
2024-01-22,11.75,4.949,,,
2024-01-23,11.75,4.9715,,,
2024-01-24,11.75,4.9192,,,
2024-01-25,11.75,4.9232,,,
2024-01-26,11.75,4.9125,,,
2024-01-27,11.75,,,,
2024-01-28,11.75,,,,
2024-01-29,11.75,4.9225,,,
2024-01-30,11.75,4.9638,,,
2024-01-31,11.75,4.9535,,,
2024-02-01,11.25,4.935,0.83,1423312.0,3.56
2024-02-02,11.25,4.9471,,,
2024-02-03,11.25,,,,
2024-02-04,11.25,,,,
2024-02-05,11.25,5.0053,,,
2024-02-06,11.25,4.9687,,,
2024-02-07,11.25,4.9608,,,
2024-02-08,11.25,4.9804,,,
2024-02-09,11.25,4.9717,,,
2024-02-10,11.25,,,,
2024-02-11,11.25,,,,
2024-02-12,11.25,,,,
2024-02-13,11.25,,,,
2024-02-14,11.25,4.9723,,,
2024-02-15,11.25,4.971,,,
2024-02-16,11.25,4.9761,,,
2024-02-17,11.25,,,,
2024-02-18,11.25,,,,
2024-02-19,11.25,4.9585,,,
2024-02-20,11.25,4.9408,,,
2024-02-21,11.25,4.9303,,,
2024-02-22,11.25,4.9419,,,
2024-02-23,11.25,4.9851,,,
2024-02-24,11.25,,,,
2024-02-25,11.25,,,,
2024-02-26,11.25,4.9819,,,
2024-02-27,11.25,4.9575,,,
2024-02-28,11.25,4.9557,,,
2024-02-29,11.25,4.9833,,,
2024-03-01,11.25,4.9596,0.16,1470733.0,3.45
2024-03-02,11.25,,,,
2024-03-03,11.25,,,,
2024-03-04,11.25,4.9475,,,
2024-03-05,11.25,4.9488,,,
2024-03-06,11.25,4.9398,,,
2024-03-07,11.25,4.9364,,,
2024-03-08,11.25,4.9751,,,
2024-03-09,11.25,,,,
2024-03-10,11.25,,,,
2024-03-11,11.25,4.9777,,,
2024-03-12,11.25,4.9813,,,
2024-03-13,11.25,4.9803,,,
2024-03-14,11.25,4.9768,,,
2024-03-15,11.25,4.9937,,,
2024-03-16,11.25,,,,
2024-03-17,11.25,,,,
2024-03-18,11.25,5.0124,,,
2024-03-19,11.25,5.0352,,,
2024-03-20,11.25,5.012,,,
2024-03-21,10.75,4.9807,,,
2024-03-22,10.75,4.9897,,,
2024-03-23,10.75,,,,
2024-03-24,10.75,,,,
2024-03-25,10.75,4.9869,,,
2024-03-26,10.75,4.987,,,
2024-03-27,10.75,4.9856,,,
2024-03-28,10.75,4.9962,,,
2024-03-29,10.75,,,,
2024-03-30,10.75,,,,
2024-03-31,10.75,,,,
2024-04-01,10.75,5.0532,0.38,1452275.0,3.54
2024-04-02,10.75,5.0476,,,
2024-04-03,10.75,5.0724,,,
2024-04-04,10.75,5.0237,,,
2024-04-05,10.75,5.052,,,
2024-04-06,10.75,,,,
2024-04-07,10.75,,,,
2024-04-08,10.75,5.0421,,,
2024-04-09,10.75,5.008,,,
2024-04-10,10.75,5.0654,,,
2024-04-11,10.75,5.0765,,,
2024-04-12,10.75,5.1364,,,
2024-04-13,10.75,,,,
2024-04-14,10.75,,,,
2024-04-15,10.75,5.1746,,,
2024-04-16,10.75,5.2635,,,
2024-04-17,10.75,5.2469,,,
2024-04-18,10.75,5.2512,,,
2024-04-19,10.75,5.2269,,,
2024-04-20,10.75,,,,
2024-04-21,10.75,,,,
2024-04-22,10.75,5.2043,,,
2024-04-23,10.75,5.1626,,,
2024-04-24,10.75,5.1592,,,
2024-04-25,10.75,5.1679,,,
2024-04-26,10.75,5.1184,,,
2024-04-27,10.75,,,,
2024-04-28,10.75,,,,
2024-04-29,10.75,5.1155,,,
2024-04-30,10.75,5.1718,,,
2024-05-01,10.75,,0.46,1453046.0,3.54
2024-05-02,10.75,5.1184,,,
2024-05-03,10.75,5.0668,,,
2024-05-04,10.75,,,,
2024-05-05,10.75,,,,
2024-05-06,10.75,5.0727,,,
2024-05-07,10.75,5.061,,,
2024-05-08,10.75,5.0887,,,
2024-05-09,10.5,5.1577,,,
2024-05-10,10.5,5.1464,,,
2024-05-11,10.5,,,,
2024-05-12,10.5,,,,
2024-05-13,10.5,5.1412,,,
2024-05-14,10.5,5.1356,,,
2024-05-15,10.5,5.1423,,,
2024-05-16,10.5,5.127,,,
2024-05-17,10.5,5.1157,,,
2024-05-18,10.5,,,,
2024-05-19,10.5,,,,
2024-05-20,10.5,5.1085,,,
2024-05-21,10.5,5.1037,,,
2024-05-22,10.5,5.1502,,,
2024-05-23,10.5,5.1443,,,
2024-05-24,10.5,5.1508,,,
2024-05-25,10.5,,,,
2024-05-26,10.5,,,,
2024-05-27,10.5,5.1704,,,
2024-05-28,10.5,5.1538,,,
2024-05-29,10.5,5.1972,,,
2024-05-30,10.5,,,,
2024-05-31,10.5,5.2416,,,
2024-06-01,10.5,,0.21,1501747.0,3.36
2024-06-02,10.5,,,,
2024-06-03,10.5,5.2373,,,
2024-06-04,10.5,5.2687,,,
2024-06-05,10.5,5.2841,,,
2024-06-06,10.5,5.2681,,,
2024-06-07,10.5,5.2802,,,
2024-06-08,10.5,,,,
2024-06-09,10.5,,,,
2024-06-10,10.5,5.3666,,,
2024-06-11,10.5,5.3524,,,
2024-06-12,10.5,5.3891,,,
2024-06-13,10.5,5.3974,,,
2024-06-14,10.5,5.363,,,
2024-06-15,10.5,,,,
2024-06-16,10.5,,,,
2024-06-17,10.5,5.413,,,
2024-06-18,10.5,5.4074,,,
2024-06-19,10.5,5.4647,,,
2024-06-20,10.5,5.4254,,,
2024-06-21,10.5,5.4416,,,
2024-06-22,10.5,,,,
2024-06-23,10.5,,,,
2024-06-24,10.5,5.4,,,
2024-06-25,10.5,5.429,,,
2024-06-26,10.5,5.5097,,,
2024-06-27,10.5,5.5229,,,
2024-06-28,10.5,5.5589,,,
2024-06-29,10.5,,,,
2024-06-30,10.5,,,,
2024-07-01,10.5,5.5893,0.38,1484623.0,3.2
2024-07-02,10.5,5.6677,,,
2024-07-03,10.5,5.5863,,,
2024-07-04,10.5,5.4839,,,
2024-07-05,10.5,5.497,,,
2024-07-06,10.5,,,,
2024-07-07,10.5,,,,
2024-07-08,10.5,5.472,,,
2024-07-09,10.5,5.4387,,,
2024-07-10,10.5,5.3967,,,
2024-07-11,10.5,5.41,,,
2024-07-12,10.5,5.4529,,,
2024-07-13,10.5,,,,
2024-07-14,10.5,,,,
2024-07-15,10.5,5.4563,,,
2024-07-16,10.5,5.4274,,,
2024-07-17,10.5,5.467,,,
2024-07-18,10.5,5.5426,,,
2024-07-19,10.5,5.5543,,,
2024-07-20,10.5,,,,
2024-07-21,10.5,,,,
2024-07-22,10.5,5.5598,,,
2024-07-23,10.5,5.5807,,,
2024-07-24,10.5,5.6346,,,
2024-07-25,10.5,5.6402,,,
2024-07-26,10.5,5.6465,,,
2024-07-27,10.5,,,,
2024-07-28,10.5,,,,
2024-07-29,10.5,5.6479,,,
2024-07-30,10.5,5.6532,,,
2024-07-31,10.5,5.6621,,,
2024-08-01,10.5,5.6681,-0.02,1497742.0,3.22
2024-08-02,10.5,5.7366,,,
2024-08-03,10.5,,,,
2024-08-04,10.5,,,,
2024-08-05,10.5,5.7646,,,
2024-08-06,10.5,5.6528,,,
2024-08-07,10.5,5.6093,,,
2024-08-08,10.5,5.6172,,,
2024-08-09,10.5,5.5115,,,
2024-08-10,10.5,,,,
2024-08-11,10.5,,,,
2024-08-12,10.5,5.4911,,,
2024-08-13,10.5,5.4875,,,
2024-08-14,10.5,5.4502,,,
2024-08-15,10.5,5.4651,,,
2024-08-16,10.5,5.4632,,,
2024-08-17,10.5,,,,
2024-08-18,10.5,,,,
2024-08-19,10.5,5.4237,,,
2024-08-20,10.5,5.4547,,,
2024-08-21,10.5,5.4707,,,
2024-08-22,10.5,5.5524,,,
2024-08-23,10.5,5.5263,,,
2024-08-24,10.5,,,,
2024-08-25,10.5,,,,
2024-08-26,10.5,5.4921,,,
2024-08-27,10.5,5.4969,,,
2024-08-28,10.5,5.5315,,,
2024-08-29,10.5,5.6358,,,
2024-08-30,10.5,5.6562,,,
2024-08-31,10.5,,,,
2024-09-01,10.5,,0.44,1535164.0,3.19
2024-09-02,10.5,5.623,,,
2024-09-03,10.5,5.6224,,,
2024-09-04,10.5,5.6359,,,
2024-09-05,10.5,5.6049,,,
2024-09-06,10.5,5.5702,,,
2024-09-07,10.5,,,,
2024-09-08,10.5,,,,
2024-09-09,10.5,5.6097,,,
2024-09-10,10.5,5.6254,,,
2024-09-11,10.5,5.6387,,,
2024-09-12,10.5,5.6554,,,
2024-09-13,10.5,5.5717,,,
2024-09-14,10.5,,,,
2024-09-15,10.5,,,,
2024-09-16,10.5,5.5207,,,
2024-09-17,10.5,5.501,,,
2024-09-18,10.5,5.4767,,,
2024-09-19,10.75,5.4189,,,
2024-09-20,10.75,5.4775,,,
2024-09-21,10.75,,,,
2024-09-22,10.75,,,,
2024-09-23,10.75,5.5446,,,
2024-09-24,10.75,5.4702,,,
2024-09-25,10.75,5.4736,,,
2024-09-26,10.75,5.4412,,,
2024-09-27,10.75,5.4431,,,
2024-09-28,10.75,,,,
2024-09-29,10.75,,,,
2024-09-30,10.75,5.4481,,,
2024-10-01,10.75,5.4521,0.56,1528367.0,3.14
2024-10-02,10.75,5.4305,,,
2024-10-03,10.75,5.485,,,
2024-10-04,10.75,5.4686,,,
2024-10-05,10.75,,,,
2024-10-06,10.75,,,,
2024-10-07,10.75,5.4626,,,
2024-10-08,10.75,5.5197,,,
2024-10-09,10.75,5.5737,,,
2024-10-10,10.75,5.5819,,,
2024-10-11,10.75,5.6263,,,
2024-10-12,10.75,,,,
2024-10-13,10.75,,,,
2024-10-14,10.75,5.6045,,,
2024-10-15,10.75,5.6378,,,
2024-10-16,10.75,5.6749,,,
2024-10-17,10.75,5.6758,,,
2024-10-18,10.75,5.6672,,,
2024-10-19,10.75,,,,
2024-10-20,10.75,,,,
2024-10-21,10.75,5.7068,,,
2024-10-22,10.75,5.6958,,,
2024-10-23,10.75,5.7149,,,
2024-10-24,10.75,5.7087,,,
2024-10-25,10.75,5.6969,,,
2024-10-26,10.75,,,,
2024-10-27,10.75,,,,
2024-10-28,10.75,5.6988,,,
2024-10-29,10.75,5.714,,,
2024-10-30,10.75,5.7801,,,
2024-10-31,10.75,5.7779,,,
2024-11-01,10.75,5.8073,0.39,1553346.0,3.09
2024-11-02,10.75,,,,
2024-11-03,10.75,,,,
2024-11-04,10.75,5.7898,,,
2024-11-05,10.75,5.7846,,,
2024-11-06,10.75,5.7648,,,
2024-11-07,11.25,5.6624,,,
2024-11-08,11.25,5.7648,,,
2024-11-09,11.25,,,,
2024-11-10,11.25,,,,
2024-11-11,11.25,5.798,,,
2024-11-12,11.25,5.7694,,,
2024-11-13,11.25,5.7713,,,
2024-11-14,11.25,5.7885,,,
2024-11-15,11.25,,,,
2024-11-16,11.25,,,,
2024-11-17,11.25,,,,
2024-11-18,11.25,5.7603,,,
2024-11-19,11.25,5.7743,,,
2024-11-20,11.25,,,,
2024-11-21,11.25,5.8173,,,
2024-11-22,11.25,5.8124,,,
2024-11-23,11.25,,,,
2024-11-24,11.25,,,,
2024-11-25,11.25,5.8002,,,
2024-11-26,11.25,5.799,,,
2024-11-27,11.25,5.8291,,,
2024-11-28,11.25,5.9871,,,
2024-11-29,11.25,6.0535,,,
2024-11-30,11.25,,,,
2024-12-01,11.25,,0.52,1602704.0,2.77
2024-12-02,11.25,6.0634,,,
2024-12-03,11.25,6.0707,,,
2024-12-04,11.25,6.0581,,,
2024-12-05,11.25,5.9849,,,
2024-12-06,11.25,6.0293,,,
2024-12-07,11.25,,,,
2024-12-08,11.25,,,,
2024-12-09,11.25,6.057,,,
2024-12-10,11.25,6.0529,,,
2024-12-11,11.25,6.032,,,
2024-12-12,12.25,5.9408,,,
2024-12-13,12.25,6.04,,,
2024-12-14,12.25,,,,
2024-12-15,12.25,,,,
2024-12-16,12.25,6.0509,,,
2024-12-17,12.25,6.1685,,,
2024-12-18,12.25,6.1624,,,
2024-12-19,12.25,6.1841,,,
2024-12-20,12.25,6.078,,,
2024-12-21,12.25,,,,
2024-12-22,12.25,,,,
2024-12-23,12.25,6.1612,,,
2024-12-24,12.25,6.1541,,,
2024-12-25,12.25,,,,
2024-12-26,12.25,6.1656,,,
2024-12-27,12.25,6.1991,,,
2024-12-28,12.25,,,,
2024-12-29,12.25,,,,
2024-12-30,12.25,6.1923,,,
2024-12-31,12.25,6.1923,,,
2025-01-01,12.25,,0.16,1550575.0,3.12
2025-01-02,12.25,6.2086,,,
2025-01-03,12.25,6.1563,,,
2025-01-04,12.25,,,,
2025-01-05,12.25,,,,
2025-01-06,12.25,6.1119,,,
2025-01-07,12.25,6.0741,,,
2025-01-08,12.25,6.1321,,,
2025-01-09,12.25,6.0896,,,
2025-01-10,12.25,6.0965,,,
2025-01-11,12.25,,,,
2025-01-12,12.25,,,,
2025-01-13,12.25,6.1079,,,
2025-01-14,12.25,6.0671,,,
2025-01-15,12.25,6.0377,,,
2025-01-16,12.25,6.0322,,,
2025-01-17,12.25,6.0609,,,
2025-01-18,12.25,,,,
2025-01-19,12.25,,,,
2025-01-20,12.25,6.0498,,,
2025-01-21,12.25,6.044,,,
2025-01-22,12.25,5.9674,,,
2025-01-23,12.25,5.9399,,,
2025-01-24,12.25,5.8925,,,
2025-01-25,12.25,,,,
2025-01-26,12.25,,,,
2025-01-27,12.25,5.9272,,,
2025-01-28,12.25,5.893,,,
2025-01-29,12.25,5.8596,,,
2025-01-30,13.25,5.9006,,,
2025-01-31,13.25,5.8301,,,
2025-02-01,13.25,,1.31,1563912.0,3.26
2025-02-02,13.25,,,,
2025-02-03,13.25,5.8687,,,
2025-02-04,13.25,5.7927,,,
2025-02-05,13.25,5.7997,,,
2025-02-06,13.25,5.7856,,,
2025-02-07,13.25,5.7557,,,
2025-02-08,13.25,,,,
2025-02-09,13.25,,,,
2025-02-10,13.25,5.7808,,,
2025-02-11,13.25,5.7788,,,
2025-02-12,13.25,5.7711,,,
2025-02-13,13.25,5.7788,,,
2025-02-14,13.25,5.7283,,,
2025-02-15,13.25,,,,
2025-02-16,13.25,,,,
2025-02-17,13.25,5.7105,,,
2025-02-18,13.25,5.6979,,,
2025-02-19,13.25,5.7087,,,
2025-02-20,13.25,5.7019,,,
2025-02-21,13.25,5.7027,,,
2025-02-22,13.25,,,,
2025-02-23,13.25,,,,
2025-02-24,13.25,5.7258,,,
2025-02-25,13.25,5.7779,,,
2025-02-26,13.25,5.7757,,,
2025-02-27,13.25,5.8228,,,
2025-02-28,13.25,5.8488,,,
2025-03-01,13.25,,0.56,1579508.0,3.2
2025-03-02,13.25,,,,
2025-03-03,13.25,,,,
2025-03-04,13.25,,,,
2025-03-05,13.25,5.7914,,,
2025-03-06,13.25,5.7489,,,
2025-03-07,13.25,5.7688,,,
2025-03-08,13.25,,,,
2025-03-09,13.25,,,,
2025-03-10,13.25,5.793,,,
2025-03-11,13.25,5.8346,,,
2025-03-12,13.25,5.8268,,,
2025-03-13,13.25,5.8131,,,
2025-03-14,13.25,5.7419,,,
2025-03-15,13.25,,,,
2025-03-16,13.25,,,,
2025-03-17,13.25,5.7082,,,
2025-03-18,13.25,5.6852,,,
2025-03-19,13.25,5.6657,,,
2025-03-20,14.25,5.6628,,,
2025-03-21,14.25,5.7241,,,
2025-03-22,14.25,,,,
2025-03-23,14.25,,,,
2025-03-24,14.25,5.7403,,,
2025-03-25,14.25,5.6992,,,
2025-03-26,14.25,5.7298,,,
2025-03-27,14.25,5.7474,,,
2025-03-28,14.25,5.766,,,
2025-03-29,14.25,,,,
2025-03-30,14.25,,,,
2025-03-31,14.25,5.7422,,,
2025-04-01,14.25,5.7051,0.43,1573232.0,3.48
2025-04-02,14.25,5.6923,,,
2025-04-03,14.25,5.6067,,,
2025-04-04,14.25,5.7777,,,
2025-04-05,14.25,,,,
2025-04-06,14.25,,,,
2025-04-07,14.25,5.8877,,,
2025-04-08,14.25,5.9368,,,
2025-04-09,14.25,6.0605,,,
2025-04-10,14.25,5.9115,,,
2025-04-11,14.25,5.8737,,,
2025-04-12,14.25,,,,
2025-04-13,14.25,,,,
2025-04-14,14.25,5.8425,,,
2025-04-15,14.25,5.8707,,,
2025-04-16,14.25,5.8808,,,
2025-04-17,14.25,5.8559,,,
2025-04-18,14.25,,,,
2025-04-19,14.25,,,,
2025-04-20,14.25,,,,
2025-04-21,14.25,,,,
2025-04-22,14.25,5.7496,,,
2025-04-23,14.25,5.688,,,
2025-04-24,14.25,5.6738,,,
2025-04-25,14.25,5.6846,,,
2025-04-26,14.25,,,,
2025-04-27,14.25,,,,
2025-04-28,14.25,5.6681,,,
2025-04-29,14.25,5.6467,,,
2025-04-30,14.25,5.6608,,,
2025-05-01,14.25,,0.26,1590252.0,3.48
2025-05-02,14.25,5.6394,,,
2025-05-03,14.25,,,,
2025-05-04,14.25,,,,
2025-05-05,14.25,5.652,,,
2025-05-06,14.25,5.721,,,
2025-05-07,14.25,5.7375,,,
2025-05-08,14.75,5.686,,,
2025-05-09,14.75,5.6511,,,
2025-05-10,14.75,,,,
2025-05-11,14.75,,,,
2025-05-12,14.75,5.6822,,,
2025-05-13,14.75,5.6262,,,
2025-05-14,14.75,5.61,,,
2025-05-15,14.75,5.6328,,,
2025-05-16,14.75,5.6925,,,
2025-05-17,14.75,,,,
2025-05-18,14.75,,,,
2025-05-19,14.75,5.6591,,,
2025-05-20,14.75,5.662,,,
2025-05-21,14.75,5.6571,,,
2025-05-22,14.75,5.639,,,
2025-05-23,14.75,5.6932,,,
2025-05-24,14.75,,,,
2025-05-25,14.75,,,,
2025-05-26,14.75,5.6619,,,
2025-05-27,14.75,5.6539,,,
2025-05-28,14.75,5.6936,,,
2025-05-29,14.75,5.6559,,,
2025-05-30,14.75,5.7087,,,
2025-05-31,14.75,,,,
2025-06-01,14.75,,0.24,1587531.0,3.51
2025-06-02,14.75,5.6937,,,
2025-06-03,14.75,5.6694,,,
2025-06-04,14.75,5.6332,,,
2025-06-05,14.75,5.5969,,,
2025-06-06,14.75,5.5947,,,
2025-06-07,14.75,,,,
2025-06-08,14.75,,,,
2025-06-09,14.75,5.576,,,
2025-06-10,14.75,5.5557,,,
2025-06-11,14.75,5.539,,,
2025-06-12,14.75,5.5388,,,
2025-06-13,14.75,5.5652,,,
2025-06-14,14.75,,,,
2025-06-15,14.75,,,,
2025-06-16,14.75,5.5123,,,
2025-06-17,14.75,5.4773,,,
2025-06-18,14.75,5.4879,,,
2025-06-19,15.0,,,,
2025-06-20,15.0,5.4957,,,
2025-06-21,15.0,,,,
2025-06-22,15.0,,,,
2025-06-23,15.0,5.5213,,,
2025-06-24,15.0,5.4938,,,
2025-06-25,15.0,5.5427,,,
2025-06-26,15.0,5.5145,,,
2025-06-27,15.0,5.4759,,,
2025-06-28,15.0,,,,
2025-06-29,15.0,,,,
2025-06-30,15.0,5.4571,,,
2025-07-01,15.0,5.4511,0.26,1567774.0,3.71
2025-07-02,15.0,5.4512,,,
2025-07-03,15.0,5.4208,,,
2025-07-04,15.0,5.409,,,
2025-07-05,15.0,,,,
2025-07-06,15.0,,,,
2025-07-07,15.0,5.4552,,,
2025-07-08,15.0,5.4571,,,
2025-07-09,15.0,5.4626,,,
2025-07-10,15.0,5.5433,,,
2025-07-11,15.0,5.5722,,,
2025-07-12,15.0,,,,
2025-07-13,15.0,,,,
2025-07-14,15.0,5.5595,,,
2025-07-15,15.0,5.5576,,,
2025-07-16,15.0,5.5722,,,
2025-07-17,15.0,5.5737,,,
2025-07-18,15.0,5.5466,,,
2025-07-19,15.0,,,,
2025-07-20,15.0,,,,
2025-07-21,15.0,5.5625,,,
2025-07-22,15.0,5.5709,,,
2025-07-23,15.0,5.5537,,,
2025-07-24,15.0,5.5239,,,
2025-07-25,15.0,5.5426,,,
2025-07-26,15.0,,,,
2025-07-27,15.0,,,,
2025-07-28,15.0,5.5877,,,
2025-07-29,15.0,5.5764,,,
2025-07-30,15.0,5.6034,,,
2025-07-31,15.0,5.6021,,,
2025-08-01,15.0,5.5436,-0.11,1567679.0,3.78
2025-08-02,15.0,,,,
2025-08-03,15.0,,,,
2025-08-04,15.0,5.5113,,,
2025-08-05,15.0,5.5119,,,
2025-08-06,15.0,5.4802,,,
2025-08-07,15.0,5.4638,,,
2025-08-08,15.0,5.4254,,,
2025-08-09,15.0,,,,
2025-08-10,15.0,,,,
2025-08-11,15.0,5.4473,,,
2025-08-12,15.0,5.4052,,,
2025-08-13,15.0,5.3928,,,
2025-08-14,15.0,5.4095,,,
2025-08-15,15.0,5.3928,,,
2025-08-16,15.0,,,,
2025-08-17,15.0,,,,
2025-08-18,15.0,5.4155,,,
2025-08-19,15.0,5.4716,,,
2025-08-20,15.0,5.4726,,,
2025-08-21,15.0,5.4828,,,
2025-08-22,15.0,5.4392,,,
2025-08-23,15.0,,,,
2025-08-24,15.0,,,,
2025-08-25,15.0,5.4174,,,
2025-08-26,15.0,5.4218,,,
2025-08-27,15.0,5.4428,,,
2025-08-28,15.0,5.4115,,,
2025-08-29,15.0,5.4264,,,
2025-08-30,15.0,,,,
2025-08-31,15.0,,,,
2025-09-01,15.0,5.4378,0.48,1585934.0,3.65
2025-09-02,15.0,5.468,,,
2025-09-03,15.0,5.4485,,,
2025-09-04,15.0,5.4587,,,
2025-09-05,15.0,5.3968,,,
2025-09-06,15.0,,,,
2025-09-07,15.0,,,,
2025-09-08,15.0,5.4278,,,
2025-09-09,15.0,5.4278,,,
2025-09-10,15.0,5.4123,,,
2025-09-11,15.0,5.3858,,,
2025-09-12,15.0,5.3677,,,
2025-09-13,15.0,,,,
2025-09-14,15.0,,,,
2025-09-15,15.0,5.3208,,,
2025-09-16,15.0,5.3096,,,
2025-09-17,15.0,5.3011,,,
2025-09-18,15.0,5.301,,,
2025-09-19,15.0,5.3276,,,
2025-09-20,15.0,,,,
2025-09-21,15.0,,,,
2025-09-22,15.0,5.3457,,,
2025-09-23,15.0,5.3063,,,
2025-09-24,15.0,5.3112,,,
2025-09-25,15.0,5.3425,,,
2025-09-26,15.0,5.3445,,,
2025-09-27,15.0,,,,
2025-09-28,15.0,,,,
2025-09-29,15.0,5.3229,,,
2025-09-30,15.0,5.3186,,,
2025-10-01,15.0,5.3208,0.09,1575298.0,3.72
2025-10-02,15.0,5.3449,,,
2025-10-03,15.0,5.3498,,,
2025-10-04,15.0,,,,
2025-10-05,15.0,,,,
2025-10-06,15.0,5.3226,,,
2025-10-07,15.0,5.3363,,,
2025-10-08,15.0,5.3427,,,
2025-10-09,15.0,5.3538,,,
2025-10-10,15.0,5.4446,,,
2025-10-11,15.0,,,,
2025-10-12,15.0,,,,
2025-10-13,15.0,5.4629,,,
2025-10-14,15.0,5.4982,,,
2025-10-15,15.0,5.4464,,,
2025-10-16,15.0,5.4354,,,
2025-10-17,15.0,5.439,,,
2025-10-18,15.0,,,,
2025-10-19,15.0,,,,
2025-10-20,15.0,5.3771,,,
2025-10-21,15.0,5.3848,,,
2025-10-22,15.0,5.3898,,,
2025-10-23,15.0,5.384,,,
2025-10-24,15.0,5.3797,,,
2025-10-25,15.0,,,,
2025-10-26,15.0,,,,
2025-10-27,15.0,5.3744,,,
2025-10-28,15.0,5.369,,,
2025-10-29,15.0,5.3416,,,
2025-10-30,15.0,5.385,,,
2025-10-31,15.0,5.3843,,,
2025-11-01,15.0,,0.18,1582950.0,3.57
2025-11-02,15.0,,,,
2025-11-03,15.0,5.3505,,,
2025-11-04,15.0,5.3846,,,
2025-11-05,15.0,5.3798,,,
2025-11-06,15.0,5.3451,,,
2025-11-07,15.0,5.3567,,,
2025-11-08,15.0,,,,
2025-11-09,15.0,,,,
2025-11-10,15.0,5.3181,,,
2025-11-11,15.0,5.2729,,,
2025-11-12,15.0,5.2885,,,
2025-11-13,15.0,5.282,,,
2025-11-14,15.0,5.2952,,,
2025-11-15,15.0,,,,
2025-11-16,15.0,,,,
2025-11-17,15.0,5.3108,,,
2025-11-18,15.0,5.3361,,,
2025-11-19,15.0,5.3346,,,
2025-11-20,15.0,,,,
2025-11-21,15.0,5.3902,,,
2025-11-22,15.0,,,,
2025-11-23,15.0,,,,
2025-11-24,15.0,5.3948,,,
2025-11-25,15.0,5.3841,,,
2025-11-26,15.0,5.3694,,,
2025-11-27,15.0,5.349,,,
2025-11-28,15.0,5.3338,,,
2025-11-29,15.0,,,,
2025-11-30,15.0,,,,
2025-12-01,15.0,5.3469,0.33,1638143.0,3.48
2025-12-02,15.0,5.3465,,,
2025-12-03,15.0,5.3114,,,
2025-12-04,15.0,5.2952,,,
2025-12-05,15.0,5.3405,,,
2025-12-06,15.0,,,,
2025-12-07,15.0,,,,
2025-12-08,15.0,5.4249,,,
2025-12-09,15.0,5.457,,,
2025-12-10,15.0,5.4656,,,
2025-12-11,15.0,5.4237,,,
2025-12-12,15.0,5.4011,,,
2025-12-13,15.0,,,,
2025-12-14,15.0,,,,
2025-12-15,15.0,5.3929,,,
2025-12-16,15.0,5.4505,,,
2025-12-17,15.0,5.5093,,,
2025-12-18,15.0,5.5283,,,
2025-12-19,15.0,5.516,,,
2025-12-20,15.0,,,,
2025-12-21,15.0,,,,
2025-12-22,15.0,5.5389,,,
2025-12-23,15.0,5.5643,,,
2025-12-24,15.0,5.535,,,
2025-12-25,15.0,,,,
2025-12-26,15.0,5.5413,,,
2025-12-27,15.0,,,,
2025-12-28,15.0,,,,
2025-12-29,15.0,5.5739,,,
2025-12-30,15.0,5.5024,,,
2025-12-31,15.0,5.5024,,,
2026-01-01,15.0,,0.33,1585219.0,3.76
2026-01-02,15.0,5.4372,,,
2026-01-03,15.0,,,,
2026-01-04,15.0,,,,
2026-01-05,15.0,5.4351,,,
2026-01-06,15.0,5.3797,,,
2026-01-07,15.0,5.388,,,
2026-01-08,15.0,5.386,,,
2026-01-09,15.0,5.3707,,,
2026-01-10,15.0,,,,
2026-01-11,15.0,,,,
2026-01-12,15.0,5.376,,,
2026-01-13,15.0,5.3764,,,
2026-01-14,15.0,5.3795,,,
2026-01-15,15.0,5.3846,,,
2026-01-16,15.0,5.3798,,,
2026-01-17,15.0,,,,
2026-01-18,15.0,,,,
2026-01-19,15.0,5.3653,,,
2026-01-20,15.0,5.379,,,
2026-01-21,15.0,5.3368,,,
2026-01-22,15.0,5.3118,,,
2026-01-23,15.0,5.2879,,,
2026-01-24,15.0,,,,
2026-01-25,15.0,,,,
2026-01-26,15.0,5.276,,,
2026-01-27,15.0,5.2392,,,
2026-01-28,15.0,5.1838,,,
2026-01-29,15.0,5.1956,,,
2026-01-30,15.0,5.2301,,,
2026-01-31,15.0,,,,
2026-02-01,15.0,,0.7,1580384.0,4.0
2026-02-02,15.0,5.2587,,,
2026-02-03,15.0,5.2236,,,
2026-02-04,15.0,5.2359,,,
2026-02-05,15.0,5.258,,,
2026-02-06,15.0,5.2341,,,
2026-02-07,15.0,,,,
2026-02-08,15.0,,,,
2026-02-09,15.0,5.1943,,,
2026-02-10,15.0,5.2021,,,
2026-02-11,15.0,5.1836,,,
2026-02-12,15.0,5.1674,,,
2026-02-13,15.0,5.2288,,,
2026-02-14,15.0,,,,
2026-02-15,15.0,,,,
2026-02-16,15.0,,,,
2026-02-17,15.0,,,,
2026-02-18,15.0,5.2349,,,
2026-02-19,15.0,5.2257,,,
2026-02-20,15.0,5.2006,,,
2026-02-21,15.0,,,,
2026-02-22,15.0,,,,
2026-02-23,15.0,5.1635,,,
2026-02-24,15.0,5.1682,,,
2026-02-25,15.0,5.144,,,
2026-02-26,15.0,5.1382,,,
2026-02-27,15.0,5.1495,,,
2026-02-28,15.0,,,,
2026-03-01,15.0,,0.88,1596757.0,3.92
2026-03-02,15.0,5.2001,,,
2026-03-03,15.0,5.287,,,
2026-03-04,15.0,5.2091,,,
2026-03-05,15.0,5.2447,,,
2026-03-06,15.0,5.2878,,,
2026-03-07,15.0,,,,
2026-03-08,15.0,,,,
2026-03-09,15.0,5.2139,,,
2026-03-10,15.0,5.1622,,,
2026-03-11,15.0,5.1596,,,
2026-03-12,15.0,5.2051,,,
2026-03-13,15.0,5.2541,,,
2026-03-14,15.0,,,,
2026-03-15,15.0,,,,
2026-03-16,15.0,5.2647,,,
2026-03-17,15.0,5.2022,,,
2026-03-18,15.0,5.2112,,,
2026-03-19,14.75,5.2587,,,
2026-03-20,14.75,5.28,,,
2026-03-21,14.75,,,,
2026-03-22,14.75,,,,
2026-03-23,14.75,5.244,,,
2026-03-24,14.75,5.2599,,,
2026-03-25,14.75,5.2275,,,
2026-03-26,14.75,5.2308,,,
2026-03-27,14.75,5.2376,,,
2026-03-28,14.75,,,,
2026-03-29,14.75,,,,
2026-03-30,14.75,5.2353,,,
2026-03-31,14.75,5.2194,,,
2026-04-01,14.75,5.1606,0.67,1586155.0,4.01
2026-04-02,14.75,5.1655,,,
2026-04-03,14.75,,,,
2026-04-04,14.75,,,,
2026-04-05,14.75,,,,
2026-04-06,14.75,5.1532,,,
2026-04-07,14.75,5.1625,,,
2026-04-08,14.75,5.0899,,,
2026-04-09,14.75,5.0821,,,
2026-04-10,14.75,5.0229,,,
2026-04-11,14.75,,,,
2026-04-12,14.75,,,,
2026-04-13,14.75,5.0244,,,
2026-04-14,14.75,4.9806,,,
2026-04-15,14.75,4.9928,,,
2026-04-16,14.75,5.0007,,,
2026-04-17,14.75,4.9695,,,
2026-04-18,14.75,,,,
2026-04-19,14.75,,,,
2026-04-20,14.75,4.9844,,,
2026-04-21,14.75,,,,
2026-04-22,14.75,4.9653,,,
2026-04-23,14.75,4.9539,,,
2026-04-24,14.75,5.0083,,,
2026-04-25,14.75,,,,
2026-04-26,14.75,,,,
2026-04-27,14.75,4.97,,,
2026-04-28,14.75,4.9878,,,
2026-04-29,14.75,4.9985,,,
2026-04-30,14.5,4.9886,,,
2026-05-01,14.5,,0.58,1592819.0,4.11
2026-05-02,14.5,,,,
2026-05-03,14.5,,,,
2026-05-04,14.5,4.9587,,,
2026-05-05,14.5,4.9242,,,
2026-05-06,14.5,4.9274,,,
2026-05-07,14.5,4.917,,,
2026-05-08,14.5,4.8999,,,
2026-05-09,14.5,,,,
2026-05-10,14.5,,,,
2026-05-11,14.5,4.8973,,,
2026-05-12,14.5,4.8977,,,
2026-05-13,14.5,4.9118,,,
2026-05-14,14.5,4.9809,,,
2026-05-15,14.5,5.0654,,,
2026-05-16,14.5,,,,
2026-05-17,14.5,,,,
2026-05-18,14.5,5.0093,,,
2026-05-19,14.5,5.0378,,,
2026-05-20,14.5,5.0301,,,
2026-05-21,14.5,5.0077,,,
2026-05-22,14.5,5.014,,,
2026-05-23,14.5,,,,
2026-05-24,14.5,,,,
2026-05-25,14.5,5.0072,,,
2026-05-26,14.5,5.0211,,,
2026-05-27,14.5,5.0579,,,
2026-05-28,14.5,5.0517,,,
2026-05-29,14.5,5.0569,,,
2026-05-30,14.5,,,,
2026-05-31,14.5,,,,
2026-06-01,14.5,5.0303,0.16,1622606.0,4.0
2026-06-02,14.5,5.016,,,
2026-06-03,14.5,5.0415,,,
2026-06-04,14.5,,,,
2026-06-05,14.5,5.1244,,,
2026-06-06,14.5,,,,
2026-06-07,14.5,,,,
2026-06-08,14.5,5.1695,,,
2026-06-09,14.5,5.1693,,,
2026-06-10,14.5,5.1763,,,
2026-06-11,14.5,5.1478,,,
2026-06-12,14.5,5.0827,,,
2026-06-13,14.5,,,,
2026-06-14,14.5,,,,
2026-06-15,14.5,5.043,,,
2026-06-16,14.5,5.078,,,
2026-06-17,14.5,5.0641,,,
2026-06-18,14.25,5.1613,,,
2026-06-19,14.25,5.1442,,,
2026-06-20,14.25,,,,
2026-06-21,14.25,,,,
2026-06-22,14.25,5.1395,,,
2026-06-23,14.25,5.1743,,,
2026-06-24,14.25,5.2098,,,
2026-06-25,14.25,5.1892,,,
2026-06-26,14.25,5.1695,,,
2026-06-27,14.25,,,,
2026-06-28,14.25,,,,
2026-06-29,14.25,5.1717,,,
2026-06-30,14.25,5.1766,,,
2026-07-01,14.25,5.195,,,
2026-07-02,14.25,5.1945,,,
2026-07-03,14.25,5.1717,,,
2026-07-04,14.25,,,,
2026-07-05,14.25,,,,
2026-07-06,14.25,5.167,,,
2026-07-07,14.25,5.1458,,,
2026-07-08,14.25,5.1552,,,
2026-07-09,14.25,5.1329,,,
2026-07-10,14.25,5.1088,,,
2026-07-11,14.25,,,,
2026-07-12,14.25,,,,
2026-07-13,14.25,5.1183,,,
2026-07-14,14.25,5.0742,,,
2026-07-15,14.25,5.0727,,,
2026-07-16,14.25,5.0975,,,
2026-07-17,14.25,5.1176,,,
2026-07-18,14.25,,,,
2026-07-19,14.25,,,,
2026-07-20,14.25,5.0894,,,
2026-07-21,14.25,5.078,,,
2026-07-22,14.25,5.0638,,,
2026-07-23,14.25,5.0807,,,
2026-07-24,14.25,5.0666,,,
2026-07-25,14.25,,,,
2026-07-26,14.25,,,,
2026-07-27,14.25,5.1005,,,
2026-07-28,14.25,5.1177,,,
2026-07-29,14.25,5.1217,,,
2026-07-30,14.25,5.0739,,,
2026-07-31,14.25,5.0773,,,
2026-08-01,14.25,,,,
2026-08-02,14.25,,,,
2026-08-03,14.25,5.0723,,,
2026-08-04,14.25,5.1053,,,
2026-08-05,14.25,5.1154,,,
2026-08-06,14.0,,,,
