data,valor
2023-08,1398358
2023-09,1433015
2023-10,1410714
2023-11,1414347
2023-12,1472416
2024-01,1421476
2024-02,1423312
2024-03,1470733
2024-04,1452275
2024-05,1453046
2024-06,1501747
2024-07,1484623
2024-08,1497742
2024-09,1535164
2024-10,1528367
2024-11,1553346
2024-12,1602704
2025-01,1550575
2025-02,1563912
2025-03,1579508
2025-04,1573232
2025-05,1590252
2025-06,1587531
2025-07,1567774
2025-08,1567679
2025-09,1585934
2025-10,1575298
2025-11,1583643
2025-12,1638735
2026-01,1585389
2026-02,1580939
2026-03,1596757
2026-04,1586155
2026-05,1592862
2026-06,1621335
2026-07,1590492
