letra,atividade,pct,Valor
G,Comércio; reparação de veículos automotores e motocicletas,27.42,2908372.0
N,Atividades administrativas e serviços complementares,10.07,1067934.0
M,"Atividades profissionais, científicas e técnicas",9.03,957541.0
S,Outras atividades de serviços,6.88,729492.0
Q,Saúde humana e serviços sociais,6.68,708067.0
C,Indústrias de transformação,5.84,619384.0
A,"Agricultura, pecuária, produção florestal, pesca e aquicultura",5.58,592322.0
F,Construção,5.36,568359.0
I,Alojamento e alimentação,4.33,458777.0
J,Informação e comunicação,3.55,376994.0
H,"Transporte, armazenagem e correio",3.45,365640.0
P,Educação,3.25,345149.0
K,"Atividades financeiras, de seguros e serviços relacionados",3.16,335273.0
L,Atividades imobiliárias,2.73,290070.0
R,"Artes, cultura, esporte e recreação",1.66,175870.0
O,"Administração pública, defesa e seguridade social",0.47,49884.0
E,"Água, esgoto, atividades de gestão de resíduos e descontaminação",0.23,24576.0
B,Indústrias extrativas,0.19,19965.0
D,Eletricidade e gás,0.12,12922.0
U,Organismos internacionais e outras instituições extraterritoriais,0.0,519.0
