CD_CVM,DENOM_CIA,receita,ESCALA_MOEDA,lucro_liquido,setor
001023,BCO BRASIL S.A.,273505274.0,MIL,29171564.0,Bancos
014206,BRB BANCO DE BRASILIA S.A.,8909356.0,MIL,311019.0,Bancos
002437,AXIA ENERGIA S.A.,40181552.0,MIL,10380753.0,Emp. Adm. Part. - Energia Elétrica
014451,COMPANHIA ENERGÉTICA DE BRASÍLIA - CEB,350369.0,MIL,225527.0,Energia Elétrica
026190,CARAMURU ALIMENTOS S.A.,7272804.0,MIL,272076.0,Alimentos
026174,AUREN OPERAÇÕES S.A.,3438492.0,MIL,28155.0,Emp. Adm. Part. - Energia Elétrica
026069,"ARMAC LOCAÇÃO, LOGÍSTICA E SERVIÇOS S.A.",1765969.0,MIL,175639.0,Serviços Transporte e Logística
027472,AXIA ENERGIA NORTE S.A.,13291895.0,MIL,2084000.0,Energia Elétrica
024880,LM TRANSPORTES INTERESTADUAIS SERVIÇOS E COMÉRCIO S.A.,4149626.0,MIL,200184.0,Emp. Adm. Part. - Serviços Transporte e Logística
020990,AMERICANAS S.A. - EM RECUPERAÇÃO JUDICIAL,14349000.0,MIL,8281000.0,Comércio (Atacado e Varejo)
015253,ENERGISA S.A.,33715476.0,MIL,4636282.0,Emp. Adm. Part. - Energia Elétrica
027383,LETS RENT A CAR S/A,1045322.0,MIL,25653.0,Serviços Transporte e Logística
021733,CIELO S.A. -  INSTITUIÇÃO DE PAGAMENTO,10295249.0,MIL,1769987.0,Intermediação Financeira
015539,NEOENERGIA S.A.,48993000.0,MIL,3682000.0,Emp. Adm. Part. - Energia Elétrica
024660,BBM LOGÍSTICA S.A.,1450437.0,MIL,-342274.0,Serviços Transporte e Logística
017949,MRS LOGISTICA S.A.,7024973.0,MIL,1415510.0,Serviços Transporte e Logística
016101,GAFISA S.A.,1012352.0,MIL,-40723.0,"Construção Civil, Mat. Constr. e Decoração"
025160,SEQUOIA LOGÍSTICA E TRANSPORTES S.A.,769016.0,MIL,-1278391.0,Serviços Transporte e Logística
027189,VOTORANTIM CIMENTOS S.A.,26564574.0,MIL,1073696.0,"Construção Civil, Mat. Constr. e Decoração"
016292,BRF S.A.,61379038.0,MIL,3691904.0,Emp. Adm. Part. - Alimentos
020044,CSU DIGITAL S.A.,567639.0,MIL,91177.0,Emp. Adm. Part. - Sem Setor Principal
023000,LIGHT ENERGIA S.A.,860589.0,MIL,133411.0,Energia Elétrica
018708,CIA PARTICIPACOES ALIANCA DA BAHIA,87662.0,MIL,41040.0,Emp. Adm. Part. - Sem Setor Principal
026891,ELETRORIVER S.A.,697658.0,MIL,274720.0,
027480,AXIA ENERGIA SUL S.A.,2899764.0,MIL,639275.0,Energia Elétrica
027022,V. TAL - REDE NEUTRA DE TELECOMUNICAÇÕES S.A.,7750616.0,MIL,864359.0,Telecomunicações
016659,PORTO SEGURO S.A.,35243466.0,MIL,2690782.0,Seguradoras e Corretoras
016632,DEXXOS PARTICIPAÇÕES S.A.,1810394.0,MIL,153199.0,Emp. Adm. Part. - Sem Setor Principal
016675,CEL PARTICIPAÇÕES S.A. - CELPAR,72018563.0,UNIDADE,152557.0,Emp. Adm. Part. - Educação
026050,UNIFIQUE TELECOMUNICAÇÕES S.A.,1025379.0,MIL,174566.0,Emp. Adm. Part. - Telecomunicações
017868,INEPAR EQUIPAMENTOS E MONTAGENS S/A - EM RECUPERACAO JUDICIA,1877.0,MIL,-1531.0,"Máquinas, Equipamentos, Veículos e Peças"
024813,LOCALIZA FLEET S.A.,8117091.0,MIL,831241.0,Serviços Transporte e Logística
019232,PRODUTORES ENERGET.DE MANSO S.A.- PROMAN,8269.0,MIL,211.0,Energia Elétrica
016993,EMAE - EMPRESA METROP. DE AGUAS E ENERGIA S.A.,621368.0,MIL,54724.0,Energia Elétrica
020800,TEGMA GESTAO LOGISTICA S.A.,2090127.0,MIL,270612.0,Serviços Transporte e Logística
024910,LWSA S/A,1370032.0,MIL,42194.0,Comunicação e Informática
024872,LIFEMED INDUSTRIAL DE EQUIP. E ART. MEDICOS E HOSP. S.A,109594.0,MIL,-27963.0,"Máquinas, Equipamentos, Veículos e Peças"
018414,PADTEC HOLDING S.A.,298759.0,UNIDADE,-27838.0,Emp. Adm. Part. - Telecomunicações
017450,RUMO S.A.,13936389.0,MIL,-949242.0,Emp. Adm. Part. - Serviços Transporte e Logística
018660,CPFL ENERGIA S.A.,42628210.0,MIL,5761554.0,Emp. Adm. Part. - Energia Elétrica
017329,ENGIE BRASIL ENERGIA S.A.,11218635.0,MIL,4302841.0,Energia Elétrica
027510,VITAL ENGENHARIA AMBIENTAL S.A.,2080429.0,MIL,295649.0,"Saneamento, Serv. Água e Gás"
017671,TELEFÔNICA BRASIL S.A,55845048.0,MIL,5557332.0,Telecomunicações
026468,HOSPITAL ANCHIETA S.A.,544840.0,MIL,-87206.0,Serviços Médicos
027090,TIM BRASIL SERVIÇOS E PARTICIPAÇÕES S.A.,25447930.0,MIL,2399428.0,Telecomunicações
025496,JALLES MACHADO S.A.,1909528.0,MIL,85118.0,"Agricultura (Açúcar, Álcool e Cana)"
017892,SANTOS BRASIL PARTICIPACOES S.A.,2903016.0,MIL,741966.0,Emp. Adm. Part. - Serviços Transporte e Logística
017973,COGNA EDUCAÇÃO S.A.,6390593.0,MIL,991631.0,Emp. Adm. Part. - Educação
018821,MOTIVA INFRAESTRUTURA DE MOBILIDADE S.A.,21783791.0,MIL,1311615.0,Emp. Adm. Part. - Serviços Transporte e Logística
022454,T4F ENTRETENIMENTO S.A.,165654.0,MIL,-68241.0,Brinquedos e Lazer
020575,JBS S.A.,416952002.0,MIL,10703994.0,Alimentos
019771,ARTERIS S.A.,6627303.0,MIL,-841393.0,Serviços Transporte e Logística
021431,HYPERA S.A.,7442466.0,MIL,1330875.0,Farmacêutico e Higiene
020478,PDG REALTY S.A. EMPREEND E PARTICIPACOES,119955.0,MIL,-429848.0,"Emp. Adm. Part. - Const. Civil, Mat. Const. e Decoração"
018376,ISA ENERGIA BRASIL,7966581.0,MIL,3552731.0,Energia Elétrica
019330,TPI - TRIUNFO PARTICIP. E INVEST. S.A.,1322852.0,MIL,18312.0,Emp. Adm. Part. - Serviços Transporte e Logística
020010,EQUATORIAL S.A.,45366675.0,MIL,3767805.0,Energia Elétrica
027049,ORIZON MEIO AMBIENTE S.A.,754653.0,MIL,55922.0,"Saneamento, Serv. Água e Gás"
025780,PETRORECÔNCAVO S.A.,3264554.0,MIL,437498.0,Emp. Adm. Part. - Petróleo e Gás
019879,LIGHT S.A. - EM RECUPERAÇÃO JUDICIAL,14876283.0,MIL,1643779.0,Emp. Adm. Part. - Energia Elétrica
026476,AMMO VAREJO S.A.,202515.0,MIL,-76212.0,
018775,INVESTIMENTOS E PARTICIP. EM INFRA S.A. - INVEPAR,3331291.0,MIL,-872550.0,Emp. Adm. Part. - Serviços Transporte e Logística
026093,CLEAR SALE S.A.,474576.0,MIL,-28610.0,
020788,MARFRIG GLOBAL FOODS S.A.,148860959.0,MIL,3880870.0,Alimentos
018953,CPFL GERACAO DE ENERGIA S.A.,5045523.0,MIL,2161461.0,
019763,EDP - ENERGIAS DO BRASIL S.A.,17447189.0,MIL,2469594.0,Energia Elétrica
019100,CONTAX PARTICIPAÇÕES S.A. - EM RECUPERAÇÃO JUDICIAL,371753.0,MIL,-140758.0,Emp. Adm. Part. - Comunicação e Informática
027391,BRZ EMPREENDIMENTOS E CONSTRUÇÕES S.A.,1051764.0,MIL,113594.0,"Construção Civil, Mat. Constr. e Decoração"
025925,BIONEXO S.A.,176858.0,MIL,-7629.0,Comunicação e Informática
019453,ECORODOVIAS INFRAESTRUTURA E LOGÍSTICA S.A.,9872372.0,MIL,913451.0,Serviços Transporte e Logística
027324,VOKE S.A.,506909.0,MIL,22710.0,Emp. Adm. Part. - Comunicação e Informática
024740,COPEL GERAÇÃO E TRANSMISSÃO S.A.,4521519.0,MIL,1306964.0,Energia Elétrica
021237,ENEVA S.A,11387505.0,MIL,549472.0,Energia Elétrica
027693,BRISANET SERVIÇOS DE TELECOMUNICAÇÕES S.A.,1427794.0,MIL,60794.0,Telecomunicações
027774,BTG PACTUAL COMMODITIES SERTRADING S.A.,15968815.0,MIL,292501.0,Comércio (Atacado e Varejo)
019305,BIOMM S.A.,142905.0,MIL,-77238.0,Farmacêutico e Higiene
020613,METALFRIO SOLUTIONS S.A.,2189092.0,MIL,-22573.0,"Máquinas, Equipamentos, Veículos e Peças"
026166,GRUPO FARTURA DE HORTIFRUT S.A.,2903190.0,MIL,83043.0,Comércio (Atacado e Varejo)
023221,SER EDUCACIONAL S.A.,1981354.0,MIL,-1162.0,Educação
024392,HAPVIDA PARTICIPAÇÕES E INVESTIMENTOS S.A.,28914698.0,MIL,-649376.0,Serviços Médicos
026301,UNIGEL PARTICIPAÇÕES S.A.,3148937.0,MIL,-1862564.0,
022357,ALLOS S.A.,2739848.0,MIL,811978.0,Emp. Adm. Part. - Comércio (Atacado e Varejo)
025895,LIVETECH DA BAHIA INDÚSTRIA E COMÉRCIO S.A.,837881.0,MIL,28657.0,Comércio (Atacado e Varejo)
024821,REDE D'OR SÃO LUIZ S.A.,50571261.0,MIL,3934120.0,Serviços Médicos
019569,GOL LINHAS AEREAS INTELIGENTES S.A.,19129573.0,MIL,-6067103.0,
025410,SBF COMÉRCIO DE PRODUTOS ESPORTIVOS S.A.,9516148.0,MIL,522755.0,Comércio (Atacado e Varejo)
022608,EMPREENDIMENTOS PAGUE MENOS S.A.,12641825.0,MIL,103148.0,Comércio (Atacado e Varejo)
019909,BR MALLS PARTICIPACOES S.A.,1570387.0,MIL,677661.0,Emp. Adm. Part. - Comércio (Atacado e Varejo)
020320,CEMIG GERACAO E TRANSMISSAO S.A.,6108966.0,MIL,3692313.0,Energia Elétrica
023981,CTC - CENTRO DE TECNOLOGIA CANAVIEIRA S.A.,382068.0,MIL,152307.0,"Agricultura (Açúcar, Álcool e Cana)"
023531,CLARO TELECOM PARTICIPAÇÕES S.A.,48914896.0,MIL,-1306614.0,Emp. Adm. Part. - Telecomunicações
020338,M.DIAS BRANCO S.A. IND COM DE ALIMENTOS,9662833.0,MIL,645948.0,Alimentos
022810,ELDORADO BRASIL CELULOSE S.A.,6373370.0,MIL,1095508.0,Papel e Celulose
025003,SIMPAR S.A.,41062901.0,MIL,93833.0,Serviços Transporte e Logística
023264,AMBEV S.A.,89452669.0,MIL,14846952.0,Bebidas e Fumo
024260,SMARTFIT ESCOLA DE GINÁSTICA E DANÇA S.A.,5580304.0,MIL,440576.0,Brinquedos e Lazer
020036,BRASILAGRO - CIA BRAS DE PROP AGRICOLAS,1058909.0,MIL,226867.0,"Agricultura (Açúcar, Álcool e Cana)"
027731,CONCESSIONÁRIA DA LINHA 4 DO METRÔ DE SÃO PAULO S.A.,1219069.0,MIL,436509.0,Emp. Adm. Part. - Serviços Transporte e Logística
020087,EMBRAER S.A.,35424174.0,MIL,1923831.0,"Máquinas, Equipamentos, Veículos e Peças"
027502,GIGA MAIS FIBRA TELECOMUNICAÇÕES S.A.,1683211.0,MIL,44871.0,Telecomunicações
020966,SPRINGS GLOBAL PARTICIPACOES S.A.,439368.0,MIL,-613382.0,
026158,ESSENTIA PCHS S.A.,332275.0,MIL,111470.0,Energia Elétrica
020982,MULTIPLAN - EMPREEND IMOBILIARIOS S.A.,2544789.0,MIL,1340986.0,"Emp. Adm. Part. - Const. Civil, Mat. Const. e Decoração"
020630,FICA EMPREENDIMENTOS IMOBILIÁRIOS S.A.,2507.0,MIL,-639.0,"Construção Civil, Mat. Constr. e Decoração"
026697,FOZ DO RIO CLARO ENERGIA S.A.,224742.0,MIL,14871.0,Emp. Adm. Part. - Energia Elétrica
080187,AURA MINERALS INC.,3221711.0,MIL,-148967.0,
080020,"GP INVESTMENTS, LTD.",-132019.0,MIL,-360228.0,
020257,TRANSMISSORA ALIANÇA DE ENERGIA ELÉTRICA S.A.,3718138.0,MIL,1693915.0,Emp. Adm. Part. - Energia Elétrica
024902,MITRE REALTY EMPREENDIMENTOS E PARTICIPAÇÕES S.A.,1179438.0,MIL,69624.0,"Construção Civil, Mat. Constr. e Decoração"
020435,TECNISA S.A.,470626.0,MIL,-151053.0,"Construção Civil, Mat. Constr. e Decoração"
023230,RAIZEN ENERGIA S.A.,66908527.0,MIL,-1313314.0,"Agricultura (Açúcar, Álcool e Cana)"
020370,LPS BRASIL - CONSULTORIA DE IMOVEIS S.A.,192348.0,MIL,34526.0,"Emp. Adm. Part. - Const. Civil, Mat. Const. e Decoração"
027847,TECNOGERA-LOCAÇÃO E TRANSFORMAÇÃO DE ENERGIA S.A.,483024.0,MIL,66501.0,"Máquinas, Equipamentos, Veículos e Peças"
023175,IGUA SANEAMENTO S.A.,2623120.0,MIL,-317312.0,"Saneamento, Serv. Água e Gás"
026026,DESKTOP S.A.,1128842.0,MIL,100074.0,Telecomunicações
026590,AURA ALMAS MINERAÇÃO S.A.,708431.0,MIL,138595.0,Emp. Adm. Part. - Extração Mineral
027430,ALUBAR METAIS E CABOS S.A.,3885196.0,MIL,88685.0,Metalurgia e Siderurgia
020605,JHSF PARTICIPACOES S.A.,1607933.0,MIL,861545.0,"Emp. Adm. Part. - Const. Civil, Mat. Const. e Decoração"
020770,EZ TEC EMPREEND. E PARTICIPACOES S.A.,1560541.0,MIL,428718.0,"Emp. Adm. Part. - Const. Civil, Mat. Const. e Decoração"
026522,CERRADINHO BIOENERGIA S.A.,2574423.0,MIL,40295.0,"Agricultura (Açúcar, Álcool e Cana)"
020915,MRV ENGENHARIA E PARTICIPACOES S.A.,9009035.0,MIL,-482097.0,"Construção Civil, Mat. Constr. e Decoração"
021490,ALUPAR INVESTIMENTO S/A,4002104.0,MIL,1859906.0,Emp. Adm. Part. - Energia Elétrica
026603,GSH CORP PARTICIPAÇÕES S.A.,674538.0,MIL,12059.0,Serviços Médicos
004669,GUARARAPES CONFECCOES S.A.,9634207.0,MIL,235138.0,Têxtil e Vestuário
020540,CPFL ENERGIAS RENOVÁVEIS S.A.,3631444.0,MIL,1204299.0,Emp. Adm. Part. - Energia Elétrica
021636,RENOVA ENERGIA S.A.,259226.0,MIL,-117069.0,Energia Elétrica
021393,CIA CELG DE PARTICIPACOES - CELGPAR,31297.0,MIL,37486.0,Emp. Adm. Part. - Energia Elétrica
024546,PRÁTICA PRODUTOS S.A.,338466.0,MIL,32623.0,"Emp. Adm. Part. - Máqs., Equip., Veíc. e Peças"
021180,NEXPE PARTICIPAÇÕES S.A,114309.0,MIL,-48496.0,"Emp. Adm. Part. - Const. Civil, Mat. Const. e Decoração"
021008,GENERAL SHOPPING E OUTLETS DO BRASIL BRASIL S.A.,180492.0,MIL,-815268.0,Comércio (Atacado e Varejo)
020818,VIRGO COMPANHIA DE SECURITIZAÇÃO,28904.0,MIL,20402.0,
025224,2W ECOBANK S.A. - EM RECUPERAÇÃO JUDICIAL,535601.0,MIL,-407042.0,
025100,CURY CONSTRUTORA E INCORPORADORA S.A.,3926310.0,MIL,698812.0,"Construção Civil, Mat. Constr. e Decoração"
021040,SYN PROP & TECH S.A.,1357743.0,MIL,659946.0,"Emp. Adm. Part. - Const. Civil, Mat. Const. e Decoração"
021016,YDUQS PARTICIPACOES S.A.,5351785.0,MIL,341208.0,Emp. Adm. Part. - Educação
021130,TRISUL S.A.,1346694.0,MIL,174844.0,"Emp. Adm. Part. - Const. Civil, Mat. Const. e Decoração"
023396,AEGEA SANEAMENTO E PARTICIPAÇÕES S.A.,14212394.0,MIL,2396851.0,"Saneamento, Serv. Água e Gás"
027669,CORPÓREOS - SERVIÇOS TERAPÊUTICOS S.A.,954010.0,MIL,54195.0,Serviços Médicos
021903,ECORODOVIAS CONCESSÕES E SERVIÇOS S.A.,9496782.0,MIL,1014685.0,Emp. Adm. Part. - Serviços Transporte e Logística
025585,CSN MINERAÇÃO S.A.,16496317.0,MIL,4527718.0,Extração Mineral
027740,PRIO FORTE S.A.,2348825.0,MIL,6445650.0,Petróleo e Gás
021520,MULTINER S/A,172205.0,MIL,-44057.0,
023272,LOG COMMERCIAL PROPERTIES E PARTICIPAÇÕES,219742.0,MIL,344378.0,"Construção Civil, Mat. Constr. e Decoração"
025500,BEMOBI MOBILE TECH S.A.,1498065.0,MIL,120163.0,Comunicação e Informática
025348,ELFA MEDICAMENTOS S.A.,5565261.0,MIL,-134025.0,Serviços Médicos
022560,INBRANDS S.A.,449802.0,MIL,-46840.0,Têxtil e Vestuário
021342,OSX BRASIL S.A. - EM RECUPERAÇÃO JUDICIAL,64419.0,MIL,-1591264.0,Emp. Adm. Part. - Sem Setor Principal
025534,OCEANPACT SERVIÇOS MARITIMOS S.A.,1721058.0,MIL,-15598.0,Petróleo e Gás
025798,KALLAS INCORPORAÇÕES E CONSTRUÇÕES S.A.,1254533.0,MIL,58695.0,"Construção Civil, Mat. Constr. e Decoração"
023426,SERENA GERAÇÃO S.A.,3765867.0,MIL,684430.0,Emp. Adm. Part. - Energia Elétrica
025712,GPS PARTICIPAÇÕES E EMPREENDIMENTOS S.A.,14774369.0,MIL,666434.0,Emp. Adm. Part. - Sem Setor Principal
025976,YUNY INCORPORADORA HOLDING S.A.,247624.0,MIL,-27185.0,
023248,ANIMA HOLDING S.A.,3801379.0,MIL,204444.0,Educação
022519,TECHNOS S.A.,400280.0,MIL,64833.0,Comércio (Atacado e Varejo)
024112,AZUL S.A.,19526208.0,MIL,-9151371.0,Emp. Adm. Part. - Serviços Transporte e Logística
021610,"B3 S.A. - BRASIL, BOLSA, BALCÃO",10572738.0,MIL,4576691.0,Bolsas de Valores/Mercadorias e Futuros
025569,ELETROMIDIA S.A.,1187207.0,MIL,145762.0,
026514,ASA BRANCA HOLDING S.A.,99048.0,MIL,-38290.0,Emp. Adm. Part. - Energia Elétrica
027375,BRASIL BIOFUELS S.A.,608446.0,MIL,-448307.0,Energia Elétrica
026271,ENVIRONMENTAL ESG PARTICIPAÇÕES S.A.,3108856.0,MIL,266765.0,"Saneamento, Serv. Água e Gás"
024279,INC EMPREENDIMENTOS IMOBILIÁRIOS S.A.,462103.0,MIL,58480.0,"Construção Civil, Mat. Constr. e Decoração"
025852,W2W E-COMMERCE DE VINHOS S.A.,792763.0,MIL,-40780.0,Comércio (Atacado e Varejo)
025399,NEOGRID PARTICIPAÇÕES S.A.,274098.0,MIL,-33816.0,
027839,CPX DISTRIBUIDORA S.A.,2391950.0,MIL,88279.0,Comércio (Atacado e Varejo)
022691,COMPANHIA DE LOCAÇÃO DAS AMÉRICAS,8503476.0,MIL,834795.0,
025437,URBA DESENVOLVIMENTO URBANO S.A.,251596.0,MIL,2643.0,"Construção Civil, Mat. Constr. e Decoração"
022187,PRIO S.A.,14360653.0,MIL,10301606.0,Petróleo e Gás
025860,BRBI BR PARTNERS S.A,364822.0,MIL,193670.0,Emp. Adm. Part. - Bancos
023310,CVC BRASIL OPERADORA E AGÊNCIA DE VIAGENS S.A.,1420763.0,MIL,-103341.0,Hospedagem e Turismo
025704,BOA SAFRA SEMENTES S.A.,1841052.0,MIL,160508.0,Alimentos
023604,YOU INC INCORPORADORA E PARTICIPAÇÕES S.A,1139569.0,MIL,-4301.0,"Construção Civil, Mat. Constr. e Decoração"
025550,ORIZON VALORIZAÇÃO DE RESÍDUOS S.A.,903473.0,MIL,74476.0,"Saneamento, Serv. Água e Gás"
022497,QUALICORP CONSULTORIA E CORRETORA DE SEGUROS S.A.,1580459.0,MIL,15063.0,Seguradoras e Corretoras
021067,MOURA DUBEUX ENGENHARIA S/A,1570024.0,MIL,251054.0,"Construção Civil, Mat. Constr. e Decoração"
025291,BRAVA ENERGIA S.A.,8726361.0,MIL,-909691.0,Petróleo e Gás
026123,ONCOCLÍNICAS DO BRASIL SERVIÇOS MÉDICOS S.A.,6227227.0,MIL,-717425.0,Serviços Médicos
025046,D1000 VAREJO FARMA PARTICIPAÇÕES S.A.,2160645.0,MIL,25857.0,Comércio (Atacado e Varejo)
025119,MELNICK DESENVOLVIMENTO IMOBILIÁRIO S.A.,1028992.0,MIL,136833.0,"Emp. Adm. Part. - Const. Civil, Mat. Const. e Decoração"
025682,CM HOSPITALAR S.A,11583371.0,MIL,-1415491.0,Comércio (Atacado e Varejo)
025283,AERIS IND. E COM. DE EQUIP. PARA GER. DE ENG. S.A.,1516484.0,MIL,-934083.0,"Máquinas, Equipamentos, Veículos e Peças"
024961,AMBIPAR PARTICIPAÇÕES E EMPREENDIMENTOS S.A.,6413676.0,MIL,-172178.0,"Saneamento, Serv. Água e Gás"
022675,HIDROVIAS DO BRASIL S.A.,1352406.0,MIL,-621699.0,Serviços Transporte e Logística
024694,GRUPO SBF S.A.,7151714.0,MIL,535834.0,Comércio (Atacado e Varejo)
025879,KORA SAÚDE PARTICIPAÇÕES S.A.,2268230.0,MIL,-168454.0,Serviços Médicos
022586,MLOG S.A.,274999.0,MIL,-41070.0,Emp. Adm. Part. - Sem Setor Principal
024317,ZAMP SA,4556360.0,MIL,-191319.0,Alimentos
023957,SUGOI S.A.,-12594.0,MIL,-85595.0,
026379,MADERO INDÚSTRIA E COMÉRCIO S.A.,2045616.0,MIL,219120.0,Alimentos
025232,MÉLIUZ S.A.,365018.0,MIL,-11334.0,Comunicação e Informática
025887,ARANDU INVESTIMENTOS S.A.,60084.0,MIL,33665.0,Emp. Adm. Part. - Intermediação Financeira
025321,GRANBIO INVESTIMENTOS S.A.,6097.0,MIL,-3166.0,
027316,"BRAZIL TOWER, CESSÃO DE INFRA-ESTRUTURAS S.A",148615.0,MIL,-23829.0,Telecomunicações
025402,HBR REALTY EMPREENDIMENTOS IMOBILIÁRIOS S.A.,162982.0,MIL,135524.0,"Construção Civil, Mat. Constr. e Decoração"
027553,ENGELHART CTP (BRASIL) S.A.,19361261.0,MIL,428848.0,
012696,SANSUY S.A. INDUSTRIA DE PLASTICOS,944820.0,MIL,-21253.0,Petroquímicos e Borracha
023620,CBO HOLDING S.A.,1981051.0,MIL,44795.0,Emp. Adm. Part. - Petróleo e Gás
021156,J. MACEDO S.A.,3104919.0,MIL,352248.0,Alimentos
027260,CORREDOR LOGÍSTICA E INFRAESTRUTURA S.A.,954878.0,MIL,5074.0,Serviços Transporte e Logística
003069,CIA FERRO LIGAS DA BAHIA - FERBASA,2236704.0,MIL,327754.0,Metalurgia e Siderurgia
027642,EQUIPAV SANEAMENTO S.A.,14212394.0,MIL,2627553.0,"Saneamento, Serv. Água e Gás"
025542,CVLB BRASIL S.A EM RECUPERAÇÃO JUDICAL,2232796.0,MIL,-111611.0,Comércio (Atacado e Varejo)
008745,METANOR SA METANOL DO NE,419327.0,MIL,30622.0,Petroquímicos e Borracha
013986,SUZANO S.A.,47403282.0,MIL,-7044706.0,Papel e Celulose
022349,AZZAS 2154 S.A.,8379753.0,MIL,338549.0,Têxtil e Vestuário
021350,DIRECIONAL ENGENHARIA S.A.,3348470.0,MIL,727668.0,"Construção Civil, Mat. Constr. e Decoração"
019739,LOCALIZA RENT A CAR S.A.,37271558.0,MIL,1813310.0,Serviços Transporte e Logística
025690,HOSPITAL MATER DEI S.A.,2226001.0,MIL,-323904.0,Serviços Médicos
025275,ALPHAVILLE S.A.,678829.0,MIL,85202.0,"Construção Civil, Mat. Constr. e Decoração"
027111,XP INVESTIMENTOS S.A.,7091220.0,MIL,422317.0,
025259,ENJOEI S.A.,265221.0,MIL,-23935.0,Comércio (Atacado e Varejo)
002453,CIA ENERGETICA DE MINAS GERAIS - CEMIG,39819620.0,MIL,7119287.0,Energia Elétrica
005983,FIACAO E TECELAGEM SAO JOSE SA EM RECUPERACAO JUDICIAL,1344.0,MIL,-9872.0,Têxtil e Vestuário
001325,BCO MERCANTIL DO BRASIL S.A.,5913694.0,MIL,510618.0,Bancos
003077,CIA FIACAO TECIDOS CEDRO CACHOEIRA,1036777.0,MIL,110590.0,Têxtil e Vestuário
019445,CIA SANEAMENTO DE MINAS GERAIS-COPASA MG,7878006.0,MIL,1316920.0,"Saneamento, Serv. Água e Gás"
023574,INTERNATIONAL MEAL COMPANY ALIMENTACAO S.A.,2224984.0,MIL,-76278.0,Alimentos
026760,TECIDOS E ARMARINHOS MIGUEL BARTOLOMEU S.A.,5014989.0,MIL,267102.0,Comércio (Atacado e Varejo)
027820,GRUPO SALTA EDUCAÇÃO S.A.,2204231.0,MIL,76384.0,Emp. Adm. Part. - Educação
025836,DOTZ S.A.,154016.0,MIL,-16487.0,Comunicação e Informática
025089,PET CENTER COMÉRCIO E PARTICIPAÇÕES S.A.,3322608.0,MIL,-42756.0,
025933,HUMBERG AGRIBRASIL COMÉRCIO E EXPORTAÇÃO DE GRÃOS S.A.,2191955.0,MIL,27342.0,
024236,PRINER SERVIÇOS INDUSTRIAIS S.A.,1100583.0,MIL,27817.0,"Construção Civil, Mat. Constr. e Decoração"
026565,HOLDING DO ARAGUAIA S.A.,937565.0,MIL,26726.0,Serviços Transporte e Logística
027103,CHINA THREE GORGES BRASIL ENERGIA S.A.,5818065.0,MIL,2275981.0,Energia Elétrica
025909,EMCCAMP RESIDENCIAL S.A.,904674.0,MIL,77180.0,"Construção Civil, Mat. Constr. e Decoração"
003395,COMPANHIA INDUSTRIAL CATAGUASES,316150.0,MIL,23257.0,Têxtil e Vestuário
025330,ALLIED TECNOLOGIA S.A.,5521381.0,MIL,145532.0,Comércio (Atacado e Varejo)
023507,OUROFINO S.A.,1024792.0,MIL,134329.0,Comércio (Atacado e Varejo)
027057,VITRU EDUCAÇÃO S.A.,2141809.0,MIL,288752.0,Educação
026417,OLIVEIRA TRUST S.A.,295530.0,MIL,103558.0,
025658,AGROGALAXY PARTICIPAÇÕES S.A. - EM RECUPERAÇÃO JUDICIAL,4612367.0,MIL,-3020012.0,Comércio (Atacado e Varejo)
004081,CIA TECIDOS SANTANENSE EM RECUPERAÇÃO JUDICIAL,35551.0,MIL,-161364.0,
023825,MOVIDA PARTICIPACOES SA,13481270.0,MIL,231493.0,Serviços Transporte e Logística
025127,COMPASS GÁS E ENERGIA S.A.,18383448.0,MIL,2122454.0,"Emp. Adm. Part. - Saneamento, Serv. Água e Gás"
027804,TERP GLBL BRASIL I PARTICIPAÇÕES S.A.,335932.0,MIL,149387.0,Emp. Adm. Part. - Energia Elétrica
003158,CIA TECIDOS NORTE DE MINAS COTEMINAS,470295.0,MIL,-780032.0,
080225,ALMACENES ÉXITO S.A.,28934575.0,MIL,313728.0,
025305,PATRIMAR ENGENHARIA S.A.,1464532.0,MIL,35152.0,"Construção Civil, Mat. Constr. e Decoração"
024716,"VAMOS LOCAÇÃO DE CAMINHÕES, MÁQUINAS E EQUIPAMENTOS S.A.",4699312.0,MIL,380974.0,Serviços Transporte e Logística
025194,ALARES INTERNET PARTICIPAÇÕES S/A,753596.0,MIL,-100516.0,Emp. Adm. Part. - Telecomunicações
027677,ATOM EDUCAÇÃO E EDITORA S.A.,34365.0,MIL,459.0,Educação
025070,PLANO & PLANO DESENVOLVIMENTO IMOBILIÁRIO S.A.,2589397.0,MIL,390565.0,"Construção Civil, Mat. Constr. e Decoração"
024830,BRK AMBIENTAL PARTICIPAÇÕES S.A.,4294721.0,MIL,7443.0,"Emp. Adm. Part. - Saneamento, Serv. Água e Gás"
024120,ARGO ENERGIA EMPREENDIMENTOS E PARTICIPAÇÕES S/A,1084954.0,MIL,522963.0,Emp. Adm. Part. - Energia Elétrica
026204,BLUEFIT ACADEMIAS DE GINÁSTICA E PARTICIPAÇÕES S.A.,405265.0,MIL,14108.0,Brinquedos e Lazer
025186,GRUPO MATEUS S.A.,32085428.0,MIL,1334894.0,Emp. Adm. Part. - Comércio (Atacado e Varejo)
025771,HOSPITAL CARE CALEDONIA S.A.,2097792.0,MIL,-179712.0,Serviços Médicos
026280,COMERC ENERGIA S.A.,4089224.0,MIL,189625.0,Energia Elétrica
026077,ECONOMATICA S.A.,44015.0,MIL,-86775.0,Comunicação e Informática
025062,LAVVI EMPREENDIMENTOS IMOBILIÁRIOS S.A.,1549299.0,MIL,392456.0,"Construção Civil, Mat. Constr. e Decoração"
025445,MPM CORPÓREOS S.A.,1029771.0,MIL,1648.0,Serviços Médicos
027197,TURBI COMPARTILHAMENTO DE VEÍCULOS S.A.,247074.0,MIL,-91764.0,Serviços Transporte e Logística
022012,"MILLS LOCAÇÃO, SERVIÇOS E LOGÍSTICA S.A.",1575405.0,MIL,285188.0,Serviços Transporte e Logística
027340,CONSTRUTORA METROCASA S.A.,892233.0,MIL,221204.0,"Construção Civil, Mat. Constr. e Decoração"
027880,HIGHLINE BRASIL II INFRAESTRUTURA DE TELECOMUNICAÇÕES S.A.,588420.0,MIL,-221636.0,Telecomunicações
001155,BANESTES S.A. - BCO EST ESPIRITO SANTO,4626262.0,MIL,428634.0,Bancos
024589,ENERGISA TRANSMISSÃO DE ENERGIA S/A,1589546.0,MIL,338834.0,Emp. Adm. Part. - Energia Elétrica
026620,AUREN ENERGIA S.A.,8059951.0,MIL,271869.0,Energia Elétrica
013781,SAO CARLOS EMPREEND E PARTICIPACOES S.A.,508888.0,MIL,-32922.0,Emp. Adm. Part. - Sem Setor Principal
026956,OCEÂNICA ENGENHARIA E CONSULTORIA S.A.,1103636.0,MIL,-296000.0,Emp. Adm. Part. - Petróleo e Gás
025844,TEGRA INCORPORADORA S.A.,1294214.0,MIL,2227.0,"Emp. Adm. Part. - Const. Civil, Mat. Const. e Decoração"
013366,HAGA S.A. INDUSTRIA E COMERCIO,29529985.0,UNIDADE,2563841.0,Metalurgia e Siderurgia
024597,CELEO REDES TRANSMISSÃO DE ENERGIA S.A.,154939.0,MIL,40405.0,Emp. Adm. Part. - Energia Elétrica
025461,GRUPO TOKY S.A. - EM RECUPERAÇÃO JUDICIAL,811197.0,MIL,-164081.0,Comércio (Atacado e Varejo)
026409,VERO S.A.,1660862.0,MIL,-23287.0,Telecomunicações
027227,ORIGEM ENERGIA S.A.,1484842.0,MIL,-512341.0,Petróleo e Gás
027332,HÉLIO VALGAS SOLAR PARTICIPAÇÕES S.A.,267762.0,MIL,566366.0,Energia Elétrica
021202,VIX LOGÍSTICA S.A.,3874770.0,MIL,119348.0,Serviços Transporte e Logística
024783,NATURA &CO HOLDING S.A.,24089804.0,MIL,-8929680.0,
009512,PETROLEO BRASILEIRO S.A. PETROBRAS,490829000.0,MIL,37009000.0,Petróleo e Gás
007811,JOAO FORTES ENGENHARIA S.A. - EM RECUPERAÇÃO JUDICIAL,166984.0,MIL,-224400.0,"Construção Civil, Mat. Constr. e Decoração"
006505,GRUPO CASAS BAHIA S.A.,27206000.0,MIL,-1045000.0,Comércio (Atacado e Varejo)
004030,CIA SIDERURGICA NACIONAL,43687460.0,MIL,-1538141.0,Metalurgia e Siderurgia
020028,VALID SOLUÇÕES S.A.,2171344.0,MIL,379649.0,Comunicação e Informática
026247,WILSON SONS S.A.,2925895.0,MIL,488612.0,
006700,HOTEIS OTHON S.A. - EM RECUPERAÇÃO JUDICIAL,162733.0,MIL,81134.0,Hospedagem e Turismo
011070,WLM PART. E COMÉRCIO DE MÁQUINAS E VEÍCULOS S.A.,3123742.0,MIL,129380.0,"Emp. Adm. Part. - Máqs., Equip., Veíc. e Peças"
018465,ULTRAPAR PARTICIPACOES S.A.,133498913.0,MIL,2525900.0,Emp. Adm. Part. - Petróleo e Gás
024180,IRB - BRASIL RESSEGUROS S.A.,6057974.0,MIL,805740.0,Seguradoras e Corretoras
010880,SONDOTECNICA ENGENHARIA SOLOS S.A.,197944.0,MIL,14903.0,"Construção Civil, Mat. Constr. e Decoração"
009989,REFINARIA DE PETROLEOS MANGUINHOS S.A.,6983506.0,MIL,-1041119.0,Petróleo e Gás
025917,RAÍZEN S.A.,220454239.0,MIL,614133.0,Comércio (Atacado e Varejo)
011231,TEKNO S.A. - INDUSTRIA E COMERCIO,301033.0,MIL,50411.0,
003328,AXIA ENERGIA NORDESTE S.A.,8043530.0,MIL,2914646.0,Energia Elétrica
004170,VALE S.A.,206005000.0,MIL,30431000.0,Extração Mineral
003980,GERDAU S.A.,67026656.0,MIL,4599062.0,Metalurgia e Siderurgia
024805,VIVARA PARTICIPAÇÕES S.A.,2577113417.0,UNIDADE,653393946.0,Comércio (Atacado e Varejo)
011592,UNIPAR CARBOCLORO S.A.,5431599.0,MIL,557118.0,Petroquímicos e Borracha
024295,VIBRA ENERGIA S/A,172272000.0,MIL,6367000.0,Comércio (Atacado e Varejo)
027707,AUTOMOB PARTICIPAÇÕES S.A.,12240032.0,MIL,-105482.0,Serviços Transporte e Logística
025380,EZ INC INCORPORAÇÕES S.A.,49782.0,MIL,-3429.0,"Construção Civil, Mat. Constr. e Decoração"
027499,BRASIL TECNOLOGIA E PARTICIPAÇÕES S.A.,1097526.0,MIL,-15224.0,Telecomunicações
023302,QUALITY SOFTWARE S.A.,67771322.0,UNIDADE,25746166.0,Emp. Adm. Part. - Comunicação e Informática
027251,INSPIRALI EDUCAÇÃO S.A.,3153185.0,MIL,467458.0,Educação
023817,BRQ SOLUCOES EM INFORMATICA S.A.,581866.0,MIL,62996.0,Comunicação e Informática
025640,AUREN PARTICIPAÇÕES S.A.,3877643.0,MIL,-319071.0,Energia Elétrica
026328,AUSTRAVIAS S.A.,430678.0,MIL,-15732.0,Emp. Adm. Part. - Serviços Transporte e Logística
025720,RIO ALTO ENERGIAS RENOVÁVEIS S.A.,195994.0,MIL,-450264.0,Energia Elétrica
027545,ASSURUÁ 4 E 5 HOLDING ENERGIA S.A.,550981.0,MIL,-43464.0,Emp. Adm. Part. - Energia Elétrica
025747,INFRACOMMERCE CXAAS S.A.,1065320.0,MIL,-1756143.0,Comércio (Atacado e Varejo)
026832,ANEMUS WIND HOLDING S.A.,157508.0,MIL,-156796.0,
027154,COMPANHIA ESTADUAL DE GERAÇÃO DE ENERGIA ELÉTRICA - CEEE-G,275850.0,MIL,-65303.0,Energia Elétrica
025674,HMOBI PARTICIPAÇÕES S.A.,1171317.0,MIL,377582.0,Emp. Adm. Part. - Sem Setor Principal
027073,SOLVI ESSENCIS AMBIENTAL S.A.,2683194.0,MIL,222999.0,"Saneamento, Serv. Água e Gás"
026000,TERRA SANTA PROPRIEDADES AGRÍCOLAS S.A.,68332.0,MIL,7332.0,"Agricultura (Açúcar, Álcool e Cana)"
027006,RIO ALTO STL HOLDING I S.A.,126053.0,MIL,-254781.0,
027014,SOLAR BEBIDAS S.A.,11511909.0,MIL,1646494.0,Bebidas e Fumo
026646,CANTU STORE S.A.,2600558.0,MIL,83729.0,Emp. Adm. Part. - Comércio (Atacado e Varejo)
026352,RODOVIAS DO BRASIL HOLDING S.A.,1336565.0,MIL,192884.0,Emp. Adm. Part. - Serviços Transporte e Logística
004820,BRASKEM S.A.,77411000.0,MIL,-12052000.0,Petroquímicos e Borracha
020710,LOG-IN LOGISTICA INTERMODAL S.A.,2795756.0,MIL,53703.0,Serviços Transporte e Logística
023590,WIZ CO PARTICIPAÇÕES E CORRETAGEM DE SEGUROS S.A.,1257265.0,MIL,296766.0,Seguradoras e Corretoras
015458,EMBPAR PARTICIPAÇÕES S/A,24373.0,MIL,-6790.0,Emp. Adm. Part. - Sem Setor Principal
026441,SERENA ENERGIA S.A.,4124980.0,MIL,297423.0,Emp. Adm. Part. - Energia Elétrica
024058,ALLIANÇA SAÚDE E PARTICIPAÇÕES S.A.,1216992.0,MIL,-111202.0,Serviços Médicos
020524,EVEN CONSTRUTORA E INCORPORADORA S.A.,2157292.0,MIL,131518.0,"Construção Civil, Mat. Constr. e Decoração"
027243,CLI SUL S.A.,745598.0,MIL,57107.0,Serviços Transporte e Logística
014443,CIA SANEAMENTO BASICO EST SAO PAULO,36145477.0,MIL,9579563.0,"Saneamento, Serv. Água e Gás"
026506,LUPO S.A.,1546501.0,MIL,173362.0,Comércio (Atacado e Varejo)
024848,C&A MODAS S.A.,7636539.0,MIL,452478.0,Têxtil e Vestuário
025763,VITTIA S.A.,786619.0,MIL,75304.0,"Agricultura (Açúcar, Álcool e Cana)"
020346,PROFARMA DISTRIB PROD FARMACEUTICOS S.A.,10153623.0,MIL,122813.0,Comércio (Atacado e Varejo)
027162,UNIDAS LOCADORA S.A.,4177442.0,MIL,1551.0,Serviços Transporte e Logística
000701,BIOMA EDUCAÇÃO S.A.,354632.0,MIL,-74340.0,Emp. Adm. Part. - Educação
027618,PORTO SAÚDE PARTICIPAÇÕES S.A.,6532163.0,MIL,353417.0,Emp. Adm. Part. - Serviços médicos
014826,CIA BRASILEIRA DE DISTRIBUICAO,18790000.0,MIL,-2403000.0,Comércio (Atacado e Varejo)
022470,MAGAZINE LUIZA S.A.,38038068.0,MIL,448717.0,Comércio (Atacado e Varejo)
020877,HELBOR EMPREENDIMENTOS S.A.,1270376.0,MIL,163020.0,"Construção Civil, Mat. Constr. e Decoração"
021440,VESTE S.A. ESTILO,1111555.0,MIL,665.0,Emp. Adm. Part. - Comércio (Atacado e Varejo)
027995,PLATÃO CAPITAL S.A.,12432.0,MIL,-59727.0,Emp. Adm. Part. - Energia Elétrica
012190,BOMBRIL S.A. - EM RECUPERAÇÃO JUDICIAL,1597786.0,MIL,-1552216.0,Farmacêutico e Higiene
019836,COSAN S.A.,43950742.0,MIL,-8161766.0,"Agricultura (Açúcar, Álcool e Cana)"
011762,VULCABRAS S.A.,3048578.0,MIL,569867.0,Têxtil e Vestuário
021334,NUTRIPLANT INDUSTRIA E COMERCIO S.A.,200267.0,MIL,10276.0,"Agricultura (Açúcar, Álcool e Cana)"
027715,EPR INFRAESTRUTURA PR S.A.,983315.0,MIL,280075.0,Serviços Transporte e Logística
020494,IGUATEMI EMPRESA DE SHOPPING CENTERS S.A,1064876.0,MIL,370706.0,Comércio (Atacado e Varejo)
027600,PORTO SERVIÇO S.A,2265091.0,MIL,221200.0,Emp. Adm. Part. - Sem Setor Principal
020516,SAO MARTINHO S.A.,6891738.0,MIL,1476279.0,"Agricultura (Açúcar, Álcool e Cana)"
013471,PLASCAR PARTICIPACOES INDUSTRIAIS S.A.,1131800.0,MIL,-109995.0,"Emp. Adm. Part. - Máqs., Equip., Veíc. e Peças"
027626,AZEVEDO & TRAVASSOS ENERGIA S.A.,2198.0,MIL,-38651.0,Petróleo e Gás
022020,JSL S.A.,9056258.0,MIL,207312.0,Serviços Transporte e Logística
019992,TOTVS S.A.,5224007.0,MIL,735443.0,Comunicação e Informática
027766,UNIÃO PET PARTICIPAÇÕES S.A.,2737927.0,MIL,116793.0,Comércio (Atacado e Varejo)
005770,EUCATEX S.A. INDUSTRIA E COMERCIO,2857809.0,MIL,197999.0,"Construção Civil, Mat. Constr. e Decoração"
007510,ROMI S.A.,1220011.0,MIL,114964.0,"Máquinas, Equipamentos, Veículos e Peças"
020125,BRADSAÚDE S.A.,2281192.0,MIL,539133.0,Serviços Médicos
024627,BLAU FARMACÊUTICA S.A.,1754376.0,MIL,213525.0,Farmacêutico e Higiene
014346,WHIRLPOOL S.A.,12931658.0,MIL,910783.0,"Máquinas, Equipamentos, Veículos e Peças"
025208,TRACK & FIELD CO S.A.,831759.0,MIL,117753.0,Têxtil e Vestuário
026034,GRUPO MULTILASER S.A.,3388498.0,MIL,-321233.0,Comunicação e Informática
025801,RODOBENS SA,5427362.0,MIL,335107.0,"Máquinas, Equipamentos, Veículos e Peças"
009393,PARANAPANEMA S.A. - EM RECUPERAÇÃO JUDICIAL,459926.0,MIL,-2138610.0,Metalurgia e Siderurgia
008575,MAHLE METAL LEVE S.A.,4557980.0,MIL,541204.0,"Máquinas, Equipamentos, Veículos e Peças"
024953,"ALLPARK EMPREENDIMENTOS, PARTICIPAÇÕES E SERVIÇOS S.A.",1584808.0,MIL,-8719.0,Serviços Transporte e Logística
008672,IGUATEMI S.A.,1236345.0,MIL,399876.0,Emp. Adm. Part. - Comércio (Atacado e Varejo)
009067,SUZANO HOLDING S.A.,47405389.0,MIL,-7092255.0,Emp. Adm. Part. - Papel e Celulose
026867,UNIÃO QUÍMICA FARMACÊUTICA NACIONAL S.A.,4212685.0,MIL,338622.0,Farmacêutico e Higiene
003654,CIA MELHORAMENTOS DE SAO PAULO,163122.0,MIL,3312.0,Papel e Celulose
000906,BCO BRADESCO S.A.,213219736.0,MIL,17542153.0,Bancos
021881,FLEURY S.A.,7684659.0,MIL,603654.0,Serviços Médicos
001520,BARDELLA S.A. INDUSTRIAS MECANICAS EM RECUPERAÇÃO JUDICIAL,33086.0,MIL,-30921.0,"Máquinas, Equipamentos, Veículos e Peças"
014320,USINAS SID DE MINAS GERAIS S.A.-USIMINAS,25869799.0,MIL,3362.0,Metalurgia e Siderurgia
002577,CESP - CIA ENERGETICA DE SAO PAULO,1469889.0,MIL,1077900.0,Energia Elétrica
004723,CONSTRUTORA ADOLPHO LINDENBERG S.A.,75149.0,MIL,7950.0,"Construção Civil, Mat. Constr. e Decoração"
008397,MANGELS INDUSTRIAL S.A.,948038.0,MIL,-41575.0,Emp. Adm. Part. - Metalurgia e Siderurgia
016306,ROSSI RESIDENCIAL S.A. - EM RECUPERAÇÃO JUDICIAL,146362.0,MIL,85990.0,
010456,ALPARGATAS S.A.,4108311.0,MIL,107397.0,Têxtil e Vestuário
004448,COBRASMA S.A.,398.0,MIL,-4104797.0,"Máquinas, Equipamentos, Veículos e Peças"
008427,MANUFATURA DE BRINQUEDOS ESTRELA S.A.,154454.0,MIL,-24261.0,Brinquedos e Lazer
002100,CAMBUCI S.A.,437894.0,MIL,76418.0,Têxtil e Vestuário
005762,ETERNIT S.A.,1161752.0,MIL,38820.0,"Construção Civil, Mat. Constr. e Decoração"
011932,IOCHPE MAXION S.A.,15331813.0,MIL,380084.0,"Máquinas, Equipamentos, Veículos e Peças"
012823,ALIPERTI S.A.,38279.0,MIL,51219.0,"Emp. Adm. Part. - Agricultura (Açúcar, Álcool e Cana)"
022055,MARISA LOJAS S.A.,1392169.0,MIL,-315784.0,Comércio (Atacado e Varejo)
026700,EUROFARMA LABORATÓRIOS S.A.,10973515.0,MIL,273796.0,Farmacêutico e Higiene
011975,AZEVEDO E TRAVASSOS S.A.,151818.0,MIL,-266491.0,"Construção Civil, Mat. Constr. e Decoração"
001562,BAUMER S.A.,194386.0,MIL,29261.0,Metalurgia e Siderurgia
025984,COMPANHIA BRASILEIRA DE ALUMÍNIO,8173649.0,MIL,-72889.0,Extração Mineral
019623,DIAGNOSTICOS DA AMERICA S.A.,15322079.0,MIL,-1195929.0,Serviços Médicos
007617,ITAÚSA S.A.,8235000.0,MIL,14887000.0,Emp. Adm. Part. - Intermediação Financeira
003190,REDE ENERGIA PARTICIPAÇÕES S.A.,17884954.0,MIL,2008005.0,Energia Elétrica
005258,RAIA DROGASIL S.A.,38871522.0,MIL,1211373.0,Comércio (Atacado e Varejo)
020796,BCO DAYCOVAL S.A.,13876329.0,MIL,1700413.0,Bancos
025992,INTERCEMENT BRASIL S.A. - EM RECUPERAÇÃO JUDICIAL,3277374.0,MIL,-288854.0,
021466,BANCO RCI BRASIL S.A.,1891374.0,MIL,330479.0,Bancos
025526,CRUZEIRO DO SUL EDUCACIONAL S.A.,2568352.0,MIL,144306.0,Educação
024228,CAMIL ALIMENTOS S.A.,11249647.0,MIL,360461.0,Alimentos
020451,RNI NEGÓCIOS IMOBILIÁRIOS S.A.,541312.0,MIL,-136661.0,"Construção Civil, Mat. Constr. e Decoração"
020702,VIVER INCORPORADORA E CONSTRUTORA S.A.,112726.0,MIL,-40454.0,"Construção Civil, Mat. Constr. e Decoração"
020931,MINERVA S.A.,34068866.0,MIL,-1563806.0,Alimentos
021032,ALGAR TELECOM S/A,2821787.0,MIL,-331150.0,Telecomunicações
021148,CONSTRUTORA TENDA S.A.,3284401.0,MIL,100711.0,"Construção Civil, Mat. Constr. e Decoração"
019550,NATURA COSMÉTICOS S.A.,21271580.0,MIL,760639.0,Farmacêutico e Higiene
014460,CYRELA BRAZIL REALTY S.A.EMPREEND E PART,7965688.0,MIL,1921052.0,"Construção Civil, Mat. Constr. e Decoração"
024171,ATACADÃO S.A.,115636000.0,MIL,1940000.0,
023280,UNIDAS LOCAÇÕES E SERVIÇOS S.A.,6686149.0,MIL,100562.0,Serviços Transporte e Logística
014311,CIA PARANAENSE DE ENERGIA - COPEL,22651036.0,MIL,2799370.0,Energia Elétrica
011312,OI S.A. - EM RECUPERAÇÃO JUDICIAL,3180421.0,MIL,9610110.0,Telecomunicações
007595,INEPAR S.A. INDUSTRIA E CONSTRUCOES EM RECUPERACAO JUDICIAL,4402.0,MIL,-236773.0,"Máquinas, Equipamentos, Veículos e Peças"
025429,FARMÁCIA E DROGARIA NISSEI S.A.,3011579.0,MIL,-39404.0,Comércio (Atacado e Varejo)
026786,SENIOR SISTEMAS S.A.,975958.0,MIL,194501.0,Comunicação e Informática
020362,POSITIVO TECNOLOGIA S.A.,3688326.0,MIL,85038.0,Comunicação e Informática
027219,GRANJA FARIA S.A.,2059397.0,MIL,230479.0,Alimentos
026395,ALMEIDA JUNIOR SHOPPING CENTERS S.A.,277830.0,MIL,177463.0,Emp. Adm. Part. - Comércio (Atacado e Varejo)
011223,TEKA-TECELAGEM KUEHNRICH S.A. - EM RECUPERAÇÃO JUDICIAL,336014.0,MIL,146796.0,
004146,KARSTEN S.A.,699084.0,MIL,118409.0,Têxtil e Vestuário
005380,ELECTRO ACO ALTONA S.A.,564238.0,MIL,66541.0,Metalurgia e Siderurgia
025453,INTELBRAS S.A. IND. DE TELECOMUNICAÇÃO ELETRÔNICA BRASILEIRA,4756146.0,MIL,528412.0,Comércio (Atacado e Varejo)
007544,TEXTIL RENAUXVIEW S.A.,117684.0,MIL,-39446.0,Têxtil e Vestuário
013773,PBG S/A,2407806.0,MIL,-102017.0,"Construção Civil, Mat. Constr. e Decoração"
002461,CENTRAIS ELET DE SANTA CATARINA S.A.,10658858.0,MIL,715802.0,Energia Elétrica
005410,WEG S.A.,37986941.0,MIL,6318763.0,"Emp. Adm. Part. - Máqs., Equip., Veíc. e Peças"
006343,TUPY S.A.,10665110.0,MIL,82440.0,Metalurgia e Siderurgia
011991,WETZEL S.A.,279779.0,MIL,32880.0,Metalurgia e Siderurgia
026255,TIGRE S.A. PARTICIPAÇÕES,4823208.0,MIL,-186016.0,"Construção Civil, Mat. Constr. e Decoração"
014664,SCHULZ S.A.,1945886.0,MIL,255191.0,Metalurgia e Siderurgia
013439,METALURGICA RIOSULENSE S.A.,380752.0,MIL,58732.0,"Máquinas, Equipamentos, Veículos e Peças"
008753,METISA METALURGICA TIMBOENSE S.A.,506964306.0,UNIDADE,30520056.0,Metalurgia e Siderurgia
013285,JOSAPAR-JOAQUIM OLIVEIRA S.A. - PARTICIP,2212219.0,MIL,28902.0,Emp. Adm. Part. - Alimentos
003298,CIA HABITASUL DE PARTICIPACOES,52862.0,MIL,14959.0,Emp. Adm. Part. - Crédito Imobiliário
026980,BORRACHAS VIPAL S.A.,2659257.0,MIL,280664.0,Petroquímicos e Borracha
006211,FRASLE MOBILITY S.A.,3965776.0,MIL,374703.0,"Máquinas, Equipamentos, Veículos e Peças"
005312,MUNDIAL S.A. - PRODUTOS DE CONSUMO,969980.0,MIL,3818.0,Têxtil e Vestuário
008451,MARCOPOLO S.A.,8593837.0,MIL,1222377.0,"Máquinas, Equipamentos, Veículos e Peças"
009539,PETTENATI S.A. INDUSTRIA TEXTIL,746450281.0,UNIDADE,33971636.0,Têxtil e Vestuário
014109,RANDONCORP S.A.,11915741.0,MIL,691696.0,"Máquinas, Equipamentos, Veículos e Peças"
020745,SLC AGRICOLA S.A.,7803627.0,MIL,481723.0,"Agricultura (Açúcar, Álcool e Cana)"
020060,LUPATECH S.A,123127.0,MIL,-31772.0,"Máquinas, Equipamentos, Veículos e Peças"
012653,KLABIN S.A.,19645264.0,MIL,2046945.0,Papel e Celulose
013030,CONSTRUTORA SULTEPA S.A. - EM RECUPERAÇÃO JUDICIAL,187582.0,MIL,95232.0,"Construção Civil, Mat. Constr. e Decoração"
019615,GRENDENE S.A.,2628580.0,MIL,735236.0,Têxtil e Vestuário
013765,MINUPAR PARTICIPACOES S.A.,354888.0,MIL,12050.0,Emp. Adm. Part. - Alimentos
020532,BCO SANTANDER (BRASIL) S.A.,137183478.0,MIL,13413763.0,Bancos
022780,UNICASA INDÚSTRIA DE MÓVEIS S.A.,226559.0,MIL,12449.0,"Construção Civil, Mat. Constr. e Decoração"
012572,RECRUSUL S.A.,19854.0,MIL,-19719.0,"Máquinas, Equipamentos, Veículos e Peças"
007870,KEPLER WEBER S.A.,1607297.0,MIL,199183.0,Emp. Adm. Part. - Metalurgia e Siderurgia
004537,GRAZZIOTIN S.A.,728592.0,MIL,104649.0,Comércio (Atacado e Varejo)
008192,TREVISA INVESTIMENTOS S.A.,136466.0,MIL,37134.0,Emp. Adm. Part. - Sem Setor Principal
009342,DIMED S.A. DISTRIBUIDORA DE MEDICAMENTOS,4942462.0,MIL,105509.0,Comércio (Atacado e Varejo)
008656,METALURGICA GERDAU S.A.,67026656.0,MIL,4610512.0,Emp. Adm. Part. - Metalurgia e Siderurgia
000094,PANATLANTICA S.A.,2109725.0,MIL,84659.0,Metalurgia e Siderurgia
001210,BANCO DO ESTADO DO RIO GRANDE DO SUL SA,16420211.0,MIL,727798.0,Bancos
003204,CPFL TRANSMISSÃO S.A.,2065573.0,MIL,517859.0,Energia Elétrica
008133,LOJAS RENNER S.A.,14436366.0,MIL,1196668.0,Comércio (Atacado e Varejo)
006173,TAURUS ARMAS S.A.,1672674.0,MIL,76592.0,"Máquinas, Equipamentos, Veículos e Peças"
002429,IRANI PAPEL E EMBALAGEM S.A.,1627470.0,MIL,304519.0,Embalagens
025950,TRÊS TENTOS AGROINDUSTRIAL S/A,12825771.0,MIL,756365.0,"Agricultura (Açúcar, Álcool e Cana)"
025143,PACAEMBU CONSTRUTORA S.A.,1692380.0,MIL,261207.0,"Construção Civil, Mat. Constr. e Decoração"
025038,LOJAS QUERO QUERO S.A.,2666330.0,MIL,146.0,Comércio (Atacado e Varejo)
004693,CONSERVAS ODERICH S.A.,733020.0,MIL,36713.0,Alimentos
021091,DEXCO S.A.,8234647.0,MIL,174375.0,"Construção Civil, Mat. Constr. e Decoração"
