DATE,CODE,RAW DATE,DAY,MONTH,YEAR,VALUE ((% a.m.))
2015-01-01,BM12_TJOVER12,2015-01-01T00:00:00-02:00,1,1,2015,0.94
2015-02-01,BM12_TJOVER12,2015-02-01T00:00:00-02:00,1,2,2015,0.82
2015-03-01,BM12_TJOVER12,2015-03-01T00:00:00-03:00,1,3,2015,1.04
2015-04-01,BM12_TJOVER12,2015-04-01T00:00:00-03:00,1,4,2015,0.95
2015-05-01,BM12_TJOVER12,2015-05-01T00:00:00-03:00,1,5,2015,0.99
2015-06-01,BM12_TJOVER12,2015-06-01T00:00:00-03:00,1,6,2015,1.07
2015-07-01,BM12_TJOVER12,2015-07-01T00:00:00-03:00,1,7,2015,1.18
2015-08-01,BM12_TJOVER12,2015-08-01T00:00:00-03:00,1,8,2015,1.11
2015-09-01,BM12_TJOVER12,2015-09-01T00:00:00-03:00,1,9,2015,1.11
2015-10-01,BM12_TJOVER12,2015-10-01T00:00:00-03:00,1,10,2015,1.11
2015-11-01,BM12_TJOVER12,2015-11-01T00:00:00-02:00,1,11,2015,1.06
2015-12-01,BM12_TJOVER12,2015-12-01T00:00:00-02:00,1,12,2015,1.16
2016-01-01,BM12_TJOVER12,2016-01-01T00:00:00-02:00,1,1,2016,1.06
2016-02-01,BM12_TJOVER12,2016-02-01T00:00:00-02:00,1,2,2016,1.0
2016-03-01,BM12_TJOVER12,2016-03-01T00:00:00-03:00,1,3,2016,1.16
2016-04-01,BM12_TJOVER12,2016-04-01T00:00:00-03:00,1,4,2016,1.06
2016-05-01,BM12_TJOVER12,2016-05-01T00:00:00-03:00,1,5,2016,1.11
2016-06-01,BM12_TJOVER12,2016-06-01T00:00:00-03:00,1,6,2016,1.16
2016-07-01,BM12_TJOVER12,2016-07-01T00:00:00-03:00,1,7,2016,1.11
2016-08-01,BM12_TJOVER12,2016-08-01T00:00:00-03:00,1,8,2016,1.22
2016-09-01,BM12_TJOVER12,2016-09-01T00:00:00-03:00,1,9,2016,1.11
2016-10-01,BM12_TJOVER12,2016-10-01T00:00:00-03:00,1,10,2016,1.05
2016-11-01,BM12_TJOVER12,2016-11-01T00:00:00-02:00,1,11,2016,1.04
2016-12-01,BM12_TJOVER12,2016-12-01T00:00:00-02:00,1,12,2016,1.12
2017-01-01,BM12_TJOVER12,2017-01-01T00:00:00-02:00,1,1,2017,1.09
2017-02-01,BM12_TJOVER12,2017-02-01T00:00:00-02:00,1,2,2017,0.87
2017-03-01,BM12_TJOVER12,2017-03-01T00:00:00-03:00,1,3,2017,1.05
2017-04-01,BM12_TJOVER12,2017-04-01T00:00:00-03:00,1,4,2017,0.79
2017-05-01,BM12_TJOVER12,2017-05-01T00:00:00-03:00,1,5,2017,0.93
2017-06-01,BM12_TJOVER12,2017-06-01T00:00:00-03:00,1,6,2017,0.81
2017-07-01,BM12_TJOVER12,2017-07-01T00:00:00-03:00,1,7,2017,0.8
2017-08-01,BM12_TJOVER12,2017-08-01T00:00:00-03:00,1,8,2017,0.8
2017-09-01,BM12_TJOVER12,2017-09-01T00:00:00-03:00,1,9,2017,0.64
2017-10-01,BM12_TJOVER12,2017-10-01T00:00:00-03:00,1,10,2017,0.64
2017-11-01,BM12_TJOVER12,2017-11-01T00:00:00-02:00,1,11,2017,0.57
2017-12-01,BM12_TJOVER12,2017-12-01T00:00:00-02:00,1,12,2017,0.54
2018-01-01,BM12_TJOVER12,2018-01-01T00:00:00-02:00,1,1,2018,0.58
2018-02-01,BM12_TJOVER12,2018-02-01T00:00:00-02:00,1,2,2018,0.47
2018-03-01,BM12_TJOVER12,2018-03-01T00:00:00-03:00,1,3,2018,0.53
2018-04-01,BM12_TJOVER12,2018-04-01T00:00:00-03:00,1,4,2018,0.52
2018-05-01,BM12_TJOVER12,2018-05-01T00:00:00-03:00,1,5,2018,0.52
2018-06-01,BM12_TJOVER12,2018-06-01T00:00:00-03:00,1,6,2018,0.52
2018-07-01,BM12_TJOVER12,2018-07-01T00:00:00-03:00,1,7,2018,0.54
2018-08-01,BM12_TJOVER12,2018-08-01T00:00:00-03:00,1,8,2018,0.57
2018-09-01,BM12_TJOVER12,2018-09-01T00:00:00-03:00,1,9,2018,0.47
2018-10-01,BM12_TJOVER12,2018-10-01T00:00:00-03:00,1,10,2018,0.54
2018-11-01,BM12_TJOVER12,2018-11-01T00:00:00-03:00,1,11,2018,0.49
2018-12-01,BM12_TJOVER12,2018-12-01T00:00:00-02:00,1,12,2018,0.49
2019-01-01,BM12_TJOVER12,2019-01-01T00:00:00-02:00,1,1,2019,0.54
2019-02-01,BM12_TJOVER12,2019-02-01T00:00:00-02:00,1,2,2019,0.49
2019-03-01,BM12_TJOVER12,2019-03-01T00:00:00-03:00,1,3,2019,0.47
2019-04-01,BM12_TJOVER12,2019-04-01T00:00:00-03:00,1,4,2019,0.52
2019-05-01,BM12_TJOVER12,2019-05-01T00:00:00-03:00,1,5,2019,0.54
2019-06-01,BM12_TJOVER12,2019-06-01T00:00:00-03:00,1,6,2019,0.47
2019-07-01,BM12_TJOVER12,2019-07-01T00:00:00-03:00,1,7,2019,0.57
2019-08-01,BM12_TJOVER12,2019-08-01T00:00:00-03:00,1,8,2019,0.5
2019-09-01,BM12_TJOVER12,2019-09-01T00:00:00-03:00,1,9,2019,0.46
2019-10-01,BM12_TJOVER12,2019-10-01T00:00:00-03:00,1,10,2019,0.48
2019-11-01,BM12_TJOVER12,2019-11-01T00:00:00-03:00,1,11,2019,0.38
2019-12-01,BM12_TJOVER12,2019-12-01T00:00:00-03:00,1,12,2019,0.37
2020-01-01,BM12_TJOVER12,2020-01-01T00:00:00-03:00,1,1,2020,0.38
2020-02-01,BM12_TJOVER12,2020-02-01T00:00:00-03:00,1,2,2020,0.29
2020-03-01,BM12_TJOVER12,2020-03-01T00:00:00-03:00,1,3,2020,0.34
2020-04-01,BM12_TJOVER12,2020-04-01T00:00:00-03:00,1,4,2020,0.28
2020-05-01,BM12_TJOVER12,2020-05-01T00:00:00-03:00,1,5,2020,0.24
2020-06-01,BM12_TJOVER12,2020-06-01T00:00:00-03:00,1,6,2020,0.21
2020-07-01,BM12_TJOVER12,2020-07-01T00:00:00-03:00,1,7,2020,0.19
2020-08-01,BM12_TJOVER12,2020-08-01T00:00:00-03:00,1,8,2020,0.16
2020-09-01,BM12_TJOVER12,2020-09-01T00:00:00-03:00,1,9,2020,0.16
2020-10-01,BM12_TJOVER12,2020-10-01T00:00:00-03:00,1,10,2020,0.16
2020-11-01,BM12_TJOVER12,2020-11-01T00:00:00-03:00,1,11,2020,0.15
2020-12-01,BM12_TJOVER12,2020-12-01T00:00:00-03:00,1,12,2020,0.16
2021-01-01,BM12_TJOVER12,2021-01-01T00:00:00-03:00,1,1,2021,0.15
2021-02-01,BM12_TJOVER12,2021-02-01T00:00:00-03:00,1,2,2021,0.13
2021-03-01,BM12_TJOVER12,2021-03-01T00:00:00-03:00,1,3,2021,0.2
2021-04-01,BM12_TJOVER12,2021-04-01T00:00:00-03:00,1,4,2021,0.21
2021-05-01,BM12_TJOVER12,2021-05-01T00:00:00-03:00,1,5,2021,0.27
2021-06-01,BM12_TJOVER12,2021-06-01T00:00:00-03:00,1,6,2021,0.31
2021-07-01,BM12_TJOVER12,2021-07-01T00:00:00-03:00,1,7,2021,0.36
2021-08-01,BM12_TJOVER12,2021-08-01T00:00:00-03:00,1,8,2021,0.43
2021-09-01,BM12_TJOVER12,2021-09-01T00:00:00-03:00,1,9,2021,0.44
2021-10-01,BM12_TJOVER12,2021-10-01T00:00:00-03:00,1,10,2021,0.49
2021-11-01,BM12_TJOVER12,2021-11-01T00:00:00-03:00,1,11,2021,0.59
2021-12-01,BM12_TJOVER12,2021-12-01T00:00:00-03:00,1,12,2021,0.77
2022-01-01,BM12_TJOVER12,2022-01-01T00:00:00-03:00,1,1,2022,0.73
2022-02-01,BM12_TJOVER12,2022-02-01T00:00:00-03:00,1,2,2022,0.76
2022-03-01,BM12_TJOVER12,2022-03-01T00:00:00-03:00,1,3,2022,0.93
2022-04-01,BM12_TJOVER12,2022-04-01T00:00:00-03:00,1,4,2022,0.83
2022-05-01,BM12_TJOVER12,2022-05-01T00:00:00-03:00,1,5,2022,1.03
2022-06-01,BM12_TJOVER12,2022-06-01T00:00:00-03:00,1,6,2022,1.02
2022-07-01,BM12_TJOVER12,2022-07-01T00:00:00-03:00,1,7,2022,1.03
2022-08-01,BM12_TJOVER12,2022-08-01T00:00:00-03:00,1,8,2022,1.17
2022-09-01,BM12_TJOVER12,2022-09-01T00:00:00-03:00,1,9,2022,1.07
2022-10-01,BM12_TJOVER12,2022-10-01T00:00:00-03:00,1,10,2022,1.02
2022-11-01,BM12_TJOVER12,2022-11-01T00:00:00-03:00,1,11,2022,1.02
2022-12-01,BM12_TJOVER12,2022-12-01T00:00:00-03:00,1,12,2022,1.12
2023-01-01,BM12_TJOVER12,2023-01-01T00:00:00-03:00,1,1,2023,1.12
2023-02-01,BM12_TJOVER12,2023-02-01T00:00:00-03:00,1,2,2023,0.92
2023-03-01,BM12_TJOVER12,2023-03-01T00:00:00-03:00,1,3,2023,1.17
2023-04-01,BM12_TJOVER12,2023-04-01T00:00:00-03:00,1,4,2023,0.92
2023-05-01,BM12_TJOVER12,2023-05-01T00:00:00-03:00,1,5,2023,1.12
2023-06-01,BM12_TJOVER12,2023-06-01T00:00:00-03:00,1,6,2023,1.07
2023-07-01,BM12_TJOVER12,2023-07-01T00:00:00-03:00,1,7,2023,1.07
2023-08-01,BM12_TJOVER12,2023-08-01T00:00:00-03:00,1,8,2023,1.14
2023-09-01,BM12_TJOVER12,2023-09-01T00:00:00-03:00,1,9,2023,0.97
2023-10-01,BM12_TJOVER12,2023-10-01T00:00:00-03:00,1,10,2023,1.0
2023-11-01,BM12_TJOVER12,2023-11-01T00:00:00-03:00,1,11,2023,0.92
2023-12-01,BM12_TJOVER12,2023-12-01T00:00:00-03:00,1,12,2023,0.89
2024-01-01,BM12_TJOVER12,2024-01-01T00:00:00-03:00,1,1,2024,0.97
2024-02-01,BM12_TJOVER12,2024-02-01T00:00:00-03:00,1,2,2024,0.8
2024-03-01,BM12_TJOVER12,2024-03-01T00:00:00-03:00,1,3,2024,0.83
2024-04-01,BM12_TJOVER12,2024-04-01T00:00:00-03:00,1,4,2024,0.89
2024-05-01,BM12_TJOVER12,2024-05-01T00:00:00-03:00,1,5,2024,0.83
2024-06-01,BM12_TJOVER12,2024-06-01T00:00:00-03:00,1,6,2024,0.79
2024-07-01,BM12_TJOVER12,2024-07-01T00:00:00-03:00,1,7,2024,0.91
2024-08-01,BM12_TJOVER12,2024-08-01T00:00:00-03:00,1,8,2024,0.87
2024-09-01,BM12_TJOVER12,2024-09-01T00:00:00-03:00,1,9,2024,0.84
2024-10-01,BM12_TJOVER12,2024-10-01T00:00:00-03:00,1,10,2024,0.93
2024-11-01,BM12_TJOVER12,2024-11-01T00:00:00-03:00,1,11,2024,0.79
2024-12-01,BM12_TJOVER12,2024-12-01T00:00:00-03:00,1,12,2024,0.93
2025-01-01,BM12_TJOVER12,2025-01-01T00:00:00-03:00,1,1,2025,1.01
2025-02-01,BM12_TJOVER12,2025-02-01T00:00:00-03:00,1,2,2025,0.99
2025-03-01,BM12_TJOVER12,2025-03-01T00:00:00-03:00,1,3,2025,0.96
2025-04-01,BM12_TJOVER12,2025-04-01T00:00:00-03:00,1,4,2025,1.06
2025-05-01,BM12_TJOVER12,2025-05-01T00:00:00-03:00,1,5,2025,1.14
2025-06-01,BM12_TJOVER12,2025-06-01T00:00:00-03:00,1,6,2025,1.1
2025-07-01,BM12_TJOVER12,2025-07-01T00:00:00-03:00,1,7,2025,1.28
2025-08-01,BM12_TJOVER12,2025-08-01T00:00:00-03:00,1,8,2025,1.16
2025-09-01,BM12_TJOVER12,2025-09-01T00:00:00-03:00,1,9,2025,1.22
2025-10-01,BM12_TJOVER12,2025-10-01T00:00:00-03:00,1,10,2025,1.28
2025-11-01,BM12_TJOVER12,2025-11-01T00:00:00-03:00,1,11,2025,1.05
2025-12-01,BM12_TJOVER12,2025-12-01T00:00:00-03:00,1,12,2025,1.22
2026-01-01,BM12_TJOVER12,2026-01-01T00:00:00-03:00,1,1,2026,1.16
2026-02-01,BM12_TJOVER12,2026-02-01T00:00:00-03:00,1,2,2026,1.0
2026-03-01,BM12_TJOVER12,2026-03-01T00:00:00-03:00,1,3,2026,1.21
2026-04-01,BM12_TJOVER12,2026-04-01T00:00:00-03:00,1,4,2026,1.09
2026-05-01,BM12_TJOVER12,2026-05-01T00:00:00-03:00,1,5,2026,1.07
2026-06-01,BM12_TJOVER12,2026-06-01T00:00:00-03:00,1,6,2026,1.12
2026-07-01,BM12_TJOVER12,2026-07-01T00:00:00-03:00,1,7,2026,1.22
2026-08-01,BM12_TJOVER12,2026-08-01T00:00:00-03:00,1,8,2026,0.16
